,freq,list,onset,procedure,stim1,subject,testtype,trial,type
5,hf,context1,0,study,hold,1,,1,100% HF lists
7,hf,context1,2500,study,three,1,,2,100% HF lists
0,hf,context1,5000,study,tomorrow,1,,3,100% HF lists
2,hf,context1,7500,study,makes,1,,4,100% HF lists
6,hf,context1,10000,study,front,1,,5,100% HF lists
4,hf,context1,12500,study,drop,1,,6,100% HF lists
3,hf,context1,15000,study,isn,1,,7,100% HF lists
1,hf,context1,17500,study,try,1,,8,100% HF lists
5,hf,context1,50000,test,hold,1,free_recall,9,100% HF lists
7,hf,context1,52500,test,three,1,free_recall,10,100% HF lists
0,hf,context1,55000,test,tomorrow,1,free_recall,11,100% HF lists
2,hf,context1,57500,test,makes,1,free_recall,12,100% HF lists
6,hf,context1,60000,test,front,1,free_recall,13,100% HF lists
4,hf,context1,62500,test,drop,1,free_recall,14,100% HF lists
3,hf,context1,65000,test,isn,1,free_recall,15,100% HF lists
1,hf,context1,67500,test,try,1,free_recall,16,100% HF lists
1,lf,context1,0,study,poetically,2,,1,75% HF lists
1,hf,context1,2500,study,life,2,,2,75% HF lists
5,hf,context1,5000,study,die,2,,3,75% HF lists
0,lf,context1,7500,study,vegans,2,,4,75% HF lists
2,hf,context1,10000,study,thinking,2,,5,75% HF lists
4,hf,context1,12500,study,tonight,2,,6,75% HF lists
3,hf,context1,15000,study,leaving,2,,7,75% HF lists
0,hf,context1,17500,study,looked,2,,8,75% HF lists
1,lf,context1,50000,test,poetically,2,free_recall,9,75% HF lists
1,hf,context1,52500,test,life,2,free_recall,10,75% HF lists
5,hf,context1,55000,test,die,2,free_recall,11,75% HF lists
0,lf,context1,57500,test,vegans,2,free_recall,12,75% HF lists
2,hf,context1,60000,test,thinking,2,free_recall,13,75% HF lists
4,hf,context1,62500,test,tonight,2,free_recall,14,75% HF lists
3,hf,context1,65000,test,leaving,2,free_recall,15,75% HF lists
0,hf,context1,67500,test,looked,2,free_recall,16,75% HF lists
5,lf,context1,0,study,conservatories,3,,1,25% HF lists
2,lf,context1,2500,study,quesadillas,3,,2,25% HF lists
1,lf,context1,5000,study,tarantula,3,,3,25% HF lists
3,lf,context1,7500,study,schemers,3,,4,25% HF lists
0,hf,context1,10000,study,their,3,,5,25% HF lists
4,lf,context1,12500,study,prodigies,3,,6,25% HF lists
0,lf,context1,15000,study,pagodas,3,,7,25% HF lists
1,hf,context1,17500,study,game,3,,8,25% HF lists
5,lf,context1,50000,test,conservatories,3,free_recall,9,25% HF lists
2,lf,context1,52500,test,quesadillas,3,free_recall,10,25% HF lists
1,lf,context1,55000,test,tarantula,3,free_recall,11,25% HF lists
3,lf,context1,57500,test,schemers,3,free_recall,12,25% HF lists
0,hf,context1,60000,test,their,3,free_recall,13,25% HF lists
4,lf,context1,62500,test,prodigies,3,free_recall,14,25% HF lists
0,lf,context1,65000,test,pagodas,3,free_recall,15,25% HF lists
1,hf,context1,67500,test,game,3,free_recall,16,25% HF lists
4,lf,context1,0,study,boozehound,4,,1,0% HF lists
5,lf,context1,2500,study,unchaperoned,4,,2,0% HF lists
3,lf,context1,5000,study,calming,4,,3,0% HF lists
6,lf,context1,7500,study,borne,4,,4,0% HF lists
2,lf,context1,10000,study,fastidiousness,4,,5,0% HF lists
0,lf,context1,12500,study,hornless,4,,6,0% HF lists
7,lf,context1,15000,study,extol,4,,7,0% HF lists
1,lf,context1,17500,study,transience,4,,8,0% HF lists
4,lf,context1,50000,test,boozehound,4,free_recall,9,0% HF lists
5,lf,context1,52500,test,unchaperoned,4,free_recall,10,0% HF lists
3,lf,context1,55000,test,calming,4,free_recall,11,0% HF lists
6,lf,context1,57500,test,borne,4,free_recall,12,0% HF lists
2,lf,context1,60000,test,fastidiousness,4,free_recall,13,0% HF lists
0,lf,context1,62500,test,hornless,4,free_recall,14,0% HF lists
7,lf,context1,65000,test,extol,4,free_recall,15,0% HF lists
1,lf,context1,67500,test,transience,4,free_recall,16,0% HF lists
4,hf,context1,0,study,might,5,,1,100% HF lists
1,hf,context1,2500,study,street,5,,2,100% HF lists
7,hf,context1,5000,study,marry,5,,3,100% HF lists
2,hf,context1,7500,study,top,5,,4,100% HF lists
3,hf,context1,10000,study,wouldn,5,,5,100% HF lists
5,hf,context1,12500,study,secret,5,,6,100% HF lists
0,hf,context1,15000,study,outside,5,,7,100% HF lists
6,hf,context1,17500,study,heart,5,,8,100% HF lists
4,hf,context1,50000,test,might,5,free_recall,9,100% HF lists
1,hf,context1,52500,test,street,5,free_recall,10,100% HF lists
7,hf,context1,55000,test,marry,5,free_recall,11,100% HF lists
2,hf,context1,57500,test,top,5,free_recall,12,100% HF lists
3,hf,context1,60000,test,wouldn,5,free_recall,13,100% HF lists
5,hf,context1,62500,test,secret,5,free_recall,14,100% HF lists
0,hf,context1,65000,test,outside,5,free_recall,15,100% HF lists
6,hf,context1,67500,test,heart,5,free_recall,16,100% HF lists
1,hf,context1,0,study,promise,6,,1,75% HF lists
5,hf,context1,2500,study,yet,6,,2,75% HF lists
0,lf,context1,5000,study,unrecoverable,6,,3,75% HF lists
3,hf,context1,7500,study,point,6,,4,75% HF lists
0,hf,context1,10000,study,nothing,6,,5,75% HF lists
2,hf,context1,12500,study,happened,6,,6,75% HF lists
1,lf,context1,15000,study,unsaturated,6,,7,75% HF lists
4,hf,context1,17500,study,secret,6,,8,75% HF lists
1,hf,context1,50000,test,promise,6,free_recall,9,75% HF lists
5,hf,context1,52500,test,yet,6,free_recall,10,75% HF lists
0,lf,context1,55000,test,unrecoverable,6,free_recall,11,75% HF lists
3,hf,context1,57500,test,point,6,free_recall,12,75% HF lists
0,hf,context1,60000,test,nothing,6,free_recall,13,75% HF lists
2,hf,context1,62500,test,happened,6,free_recall,14,75% HF lists
1,lf,context1,65000,test,unsaturated,6,free_recall,15,75% HF lists
4,hf,context1,67500,test,secret,6,free_recall,16,75% HF lists
0,hf,context1,0,study,mother,7,,1,25% HF lists
0,lf,context1,2500,study,deserted,7,,2,25% HF lists
1,lf,context1,5000,study,festivals,7,,3,25% HF lists
3,lf,context1,7500,study,porky,7,,4,25% HF lists
5,lf,context1,10000,study,hairier,7,,5,25% HF lists
1,hf,context1,12500,study,anybody,7,,6,25% HF lists
2,lf,context1,15000,study,visionary,7,,7,25% HF lists
4,lf,context1,17500,study,washstand,7,,8,25% HF lists
0,hf,context1,50000,test,mother,7,free_recall,9,25% HF lists
0,lf,context1,52500,test,deserted,7,free_recall,10,25% HF lists
1,lf,context1,55000,test,festivals,7,free_recall,11,25% HF lists
3,lf,context1,57500,test,porky,7,free_recall,12,25% HF lists
5,lf,context1,60000,test,hairier,7,free_recall,13,25% HF lists
1,hf,context1,62500,test,anybody,7,free_recall,14,25% HF lists
2,lf,context1,65000,test,visionary,7,free_recall,15,25% HF lists
4,lf,context1,67500,test,washstand,7,free_recall,16,25% HF lists
0,lf,context1,0,study,marinates,8,,1,0% HF lists
2,lf,context1,2500,study,trivializing,8,,2,0% HF lists
3,lf,context1,5000,study,ovulate,8,,3,0% HF lists
4,lf,context1,7500,study,yammering,8,,4,0% HF lists
5,lf,context1,10000,study,brainpower,8,,5,0% HF lists
7,lf,context1,12500,study,rehydrating,8,,6,0% HF lists
1,lf,context1,15000,study,soluble,8,,7,0% HF lists
6,lf,context1,17500,study,biotics,8,,8,0% HF lists
0,lf,context1,50000,test,marinates,8,free_recall,9,0% HF lists
2,lf,context1,52500,test,trivializing,8,free_recall,10,0% HF lists
3,lf,context1,55000,test,ovulate,8,free_recall,11,0% HF lists
4,lf,context1,57500,test,yammering,8,free_recall,12,0% HF lists
5,lf,context1,60000,test,brainpower,8,free_recall,13,0% HF lists
7,lf,context1,62500,test,rehydrating,8,free_recall,14,0% HF lists
1,lf,context1,65000,test,soluble,8,free_recall,15,0% HF lists
6,lf,context1,67500,test,biotics,8,free_recall,16,0% HF lists
4,hf,context1,0,study,whatever,9,,1,100% HF lists
1,hf,context1,2500,study,movie,9,,2,100% HF lists
0,hf,context1,5000,study,isn,9,,3,100% HF lists
7,hf,context1,7500,study,death,9,,4,100% HF lists
3,hf,context1,10000,study,wants,9,,5,100% HF lists
6,hf,context1,12500,study,follow,9,,6,100% HF lists
2,hf,context1,15000,study,murder,9,,7,100% HF lists
5,hf,context1,17500,study,believe,9,,8,100% HF lists
4,hf,context1,50000,test,whatever,9,free_recall,9,100% HF lists
1,hf,context1,52500,test,movie,9,free_recall,10,100% HF lists
0,hf,context1,55000,test,isn,9,free_recall,11,100% HF lists
7,hf,context1,57500,test,death,9,free_recall,12,100% HF lists
3,hf,context1,60000,test,wants,9,free_recall,13,100% HF lists
6,hf,context1,62500,test,follow,9,free_recall,14,100% HF lists
2,hf,context1,65000,test,murder,9,free_recall,15,100% HF lists
5,hf,context1,67500,test,believe,9,free_recall,16,100% HF lists
2,hf,context1,0,study,behind,10,,1,75% HF lists
3,hf,context1,2500,study,broke,10,,2,75% HF lists
4,hf,context1,5000,study,small,10,,3,75% HF lists
1,hf,context1,7500,study,ask,10,,4,75% HF lists
0,hf,context1,10000,study,guess,10,,5,75% HF lists
0,lf,context1,12500,study,minder,10,,6,75% HF lists
1,lf,context1,15000,study,stiffens,10,,7,75% HF lists
5,hf,context1,17500,study,wear,10,,8,75% HF lists
2,hf,context1,50000,test,behind,10,free_recall,9,75% HF lists
3,hf,context1,52500,test,broke,10,free_recall,10,75% HF lists
4,hf,context1,55000,test,small,10,free_recall,11,75% HF lists
1,hf,context1,57500,test,ask,10,free_recall,12,75% HF lists
0,hf,context1,60000,test,guess,10,free_recall,13,75% HF lists
0,lf,context1,62500,test,minder,10,free_recall,14,75% HF lists
1,lf,context1,65000,test,stiffens,10,free_recall,15,75% HF lists
5,hf,context1,67500,test,wear,10,free_recall,16,75% HF lists
4,lf,context1,0,study,puce,11,,1,25% HF lists
1,hf,context1,2500,study,worth,11,,2,25% HF lists
3,lf,context1,5000,study,humbling,11,,3,25% HF lists
1,lf,context1,7500,study,diaries,11,,4,25% HF lists
2,lf,context1,10000,study,antifungal,11,,5,25% HF lists
0,hf,context1,12500,study,either,11,,6,25% HF lists
0,lf,context1,15000,study,quintal,11,,7,25% HF lists
5,lf,context1,17500,study,outstay,11,,8,25% HF lists
4,lf,context1,50000,test,puce,11,free_recall,9,25% HF lists
1,hf,context1,52500,test,worth,11,free_recall,10,25% HF lists
3,lf,context1,55000,test,humbling,11,free_recall,11,25% HF lists
1,lf,context1,57500,test,diaries,11,free_recall,12,25% HF lists
2,lf,context1,60000,test,antifungal,11,free_recall,13,25% HF lists
0,hf,context1,62500,test,either,11,free_recall,14,25% HF lists
0,lf,context1,65000,test,quintal,11,free_recall,15,25% HF lists
5,lf,context1,67500,test,outstay,11,free_recall,16,25% HF lists
7,lf,context1,0,study,miscast,12,,1,0% HF lists
5,lf,context1,2500,study,pugilist,12,,2,0% HF lists
1,lf,context1,5000,study,legionary,12,,3,0% HF lists
3,lf,context1,7500,study,fraternization,12,,4,0% HF lists
2,lf,context1,10000,study,interconnection,12,,5,0% HF lists
6,lf,context1,12500,study,referent,12,,6,0% HF lists
0,lf,context1,15000,study,cyanic,12,,7,0% HF lists
4,lf,context1,17500,study,weakens,12,,8,0% HF lists
7,lf,context1,50000,test,miscast,12,free_recall,9,0% HF lists
5,lf,context1,52500,test,pugilist,12,free_recall,10,0% HF lists
1,lf,context1,55000,test,legionary,12,free_recall,11,0% HF lists
3,lf,context1,57500,test,fraternization,12,free_recall,12,0% HF lists
2,lf,context1,60000,test,interconnection,12,free_recall,13,0% HF lists
6,lf,context1,62500,test,referent,12,free_recall,14,0% HF lists
0,lf,context1,65000,test,cyanic,12,free_recall,15,0% HF lists
4,lf,context1,67500,test,weakens,12,free_recall,16,0% HF lists
3,hf,context1,0,study,knows,13,,1,100% HF lists
2,hf,context1,2500,study,fine,13,,2,100% HF lists
6,hf,context1,5000,study,dream,13,,3,100% HF lists
7,hf,context1,7500,study,kiss,13,,4,100% HF lists
4,hf,context1,10000,study,away,13,,5,100% HF lists
1,hf,context1,12500,study,murder,13,,6,100% HF lists
5,hf,context1,15000,study,watch,13,,7,100% HF lists
0,hf,context1,17500,study,bring,13,,8,100% HF lists
3,hf,context1,50000,test,knows,13,free_recall,9,100% HF lists
2,hf,context1,52500,test,fine,13,free_recall,10,100% HF lists
6,hf,context1,55000,test,dream,13,free_recall,11,100% HF lists
7,hf,context1,57500,test,kiss,13,free_recall,12,100% HF lists
4,hf,context1,60000,test,away,13,free_recall,13,100% HF lists
1,hf,context1,62500,test,murder,13,free_recall,14,100% HF lists
5,hf,context1,65000,test,watch,13,free_recall,15,100% HF lists
0,hf,context1,67500,test,bring,13,free_recall,16,100% HF lists
2,hf,context1,0,study,soon,14,,1,75% HF lists
1,lf,context1,2500,study,unstacking,14,,2,75% HF lists
4,hf,context1,5000,study,honey,14,,3,75% HF lists
3,hf,context1,7500,study,hell,14,,4,75% HF lists
0,hf,context1,10000,study,almost,14,,5,75% HF lists
1,hf,context1,12500,study,paper,14,,6,75% HF lists
5,hf,context1,15000,study,different,14,,7,75% HF lists
0,lf,context1,17500,study,commented,14,,8,75% HF lists
2,hf,context1,50000,test,soon,14,free_recall,9,75% HF lists
1,lf,context1,52500,test,unstacking,14,free_recall,10,75% HF lists
4,hf,context1,55000,test,honey,14,free_recall,11,75% HF lists
3,hf,context1,57500,test,hell,14,free_recall,12,75% HF lists
0,hf,context1,60000,test,almost,14,free_recall,13,75% HF lists
1,hf,context1,62500,test,paper,14,free_recall,14,75% HF lists
5,hf,context1,65000,test,different,14,free_recall,15,75% HF lists
0,lf,context1,67500,test,commented,14,free_recall,16,75% HF lists
1,hf,context1,0,study,meant,15,,1,25% HF lists
4,lf,context1,2500,study,anuses,15,,2,25% HF lists
0,lf,context1,5000,study,murk,15,,3,25% HF lists
2,lf,context1,7500,study,robust,15,,4,25% HF lists
0,hf,context1,10000,study,open,15,,5,25% HF lists
5,lf,context1,12500,study,nosiest,15,,6,25% HF lists
3,lf,context1,15000,study,germy,15,,7,25% HF lists
1,lf,context1,17500,study,dogfish,15,,8,25% HF lists
1,hf,context1,50000,test,meant,15,free_recall,9,25% HF lists
4,lf,context1,52500,test,anuses,15,free_recall,10,25% HF lists
0,lf,context1,55000,test,murk,15,free_recall,11,25% HF lists
2,lf,context1,57500,test,robust,15,free_recall,12,25% HF lists
0,hf,context1,60000,test,open,15,free_recall,13,25% HF lists
5,lf,context1,62500,test,nosiest,15,free_recall,14,25% HF lists
3,lf,context1,65000,test,germy,15,free_recall,15,25% HF lists
1,lf,context1,67500,test,dogfish,15,free_recall,16,25% HF lists
2,lf,context1,0,study,spotlights,16,,1,0% HF lists
0,lf,context1,2500,study,bison,16,,2,0% HF lists
6,lf,context1,5000,study,supportable,16,,3,0% HF lists
4,lf,context1,7500,study,reddest,16,,4,0% HF lists
1,lf,context1,10000,study,xeroxed,16,,5,0% HF lists
5,lf,context1,12500,study,wive,16,,6,0% HF lists
3,lf,context1,15000,study,hedger,16,,7,0% HF lists
7,lf,context1,17500,study,panicking,16,,8,0% HF lists
2,lf,context1,50000,test,spotlights,16,free_recall,9,0% HF lists
0,lf,context1,52500,test,bison,16,free_recall,10,0% HF lists
6,lf,context1,55000,test,supportable,16,free_recall,11,0% HF lists
4,lf,context1,57500,test,reddest,16,free_recall,12,0% HF lists
1,lf,context1,60000,test,xeroxed,16,free_recall,13,0% HF lists
5,lf,context1,62500,test,wive,16,free_recall,14,0% HF lists
3,lf,context1,65000,test,hedger,16,free_recall,15,0% HF lists
7,lf,context1,67500,test,panicking,16,free_recall,16,0% HF lists
5,hf,context1,0,study,sense,17,,1,100% HF lists
3,hf,context1,2500,study,under,17,,2,100% HF lists
4,hf,context1,5000,study,sex,17,,3,100% HF lists
0,hf,context1,7500,study,living,17,,4,100% HF lists
6,hf,context1,10000,study,finally,17,,5,100% HF lists
7,hf,context1,12500,study,part,17,,6,100% HF lists
2,hf,context1,15000,study,wonder,17,,7,100% HF lists
1,hf,context1,17500,study,while,17,,8,100% HF lists
5,hf,context1,50000,test,sense,17,free_recall,9,100% HF lists
3,hf,context1,52500,test,under,17,free_recall,10,100% HF lists
4,hf,context1,55000,test,sex,17,free_recall,11,100% HF lists
0,hf,context1,57500,test,living,17,free_recall,12,100% HF lists
6,hf,context1,60000,test,finally,17,free_recall,13,100% HF lists
7,hf,context1,62500,test,part,17,free_recall,14,100% HF lists
2,hf,context1,65000,test,wonder,17,free_recall,15,100% HF lists
1,hf,context1,67500,test,while,17,free_recall,16,100% HF lists
2,hf,context1,0,study,talk,18,,1,75% HF lists
0,lf,context1,2500,study,tippler,18,,2,75% HF lists
1,hf,context1,5000,study,such,18,,3,75% HF lists
0,hf,context1,7500,study,aren,18,,4,75% HF lists
3,hf,context1,10000,study,catch,18,,5,75% HF lists
5,hf,context1,12500,study,sleep,18,,6,75% HF lists
4,hf,context1,15000,study,great,18,,7,75% HF lists
1,lf,context1,17500,study,dinked,18,,8,75% HF lists
2,hf,context1,50000,test,talk,18,free_recall,9,75% HF lists
0,lf,context1,52500,test,tippler,18,free_recall,10,75% HF lists
1,hf,context1,55000,test,such,18,free_recall,11,75% HF lists
0,hf,context1,57500,test,aren,18,free_recall,12,75% HF lists
3,hf,context1,60000,test,catch,18,free_recall,13,75% HF lists
5,hf,context1,62500,test,sleep,18,free_recall,14,75% HF lists
4,hf,context1,65000,test,great,18,free_recall,15,75% HF lists
1,lf,context1,67500,test,dinked,18,free_recall,16,75% HF lists
1,hf,context1,0,study,hand,19,,1,25% HF lists
0,lf,context1,2500,study,gunfight,19,,2,25% HF lists
4,lf,context1,5000,study,audible,19,,3,25% HF lists
0,hf,context1,7500,study,worry,19,,4,25% HF lists
1,lf,context1,10000,study,inadvertency,19,,5,25% HF lists
3,lf,context1,12500,study,reverted,19,,6,25% HF lists
5,lf,context1,15000,study,gowning,19,,7,25% HF lists
2,lf,context1,17500,study,coating,19,,8,25% HF lists
1,hf,context1,50000,test,hand,19,free_recall,9,25% HF lists
0,lf,context1,52500,test,gunfight,19,free_recall,10,25% HF lists
4,lf,context1,55000,test,audible,19,free_recall,11,25% HF lists
0,hf,context1,57500,test,worry,19,free_recall,12,25% HF lists
1,lf,context1,60000,test,inadvertency,19,free_recall,13,25% HF lists
3,lf,context1,62500,test,reverted,19,free_recall,14,25% HF lists
5,lf,context1,65000,test,gowning,19,free_recall,15,25% HF lists
2,lf,context1,67500,test,coating,19,free_recall,16,25% HF lists
4,lf,context1,0,study,needleful,20,,1,0% HF lists
7,lf,context1,2500,study,bowline,20,,2,0% HF lists
1,lf,context1,5000,study,roped,20,,3,0% HF lists
5,lf,context1,7500,study,caballero,20,,4,0% HF lists
2,lf,context1,10000,study,cannonballs,20,,5,0% HF lists
6,lf,context1,12500,study,maquereau,20,,6,0% HF lists
3,lf,context1,15000,study,unrighteous,20,,7,0% HF lists
0,lf,context1,17500,study,choreographing,20,,8,0% HF lists
4,lf,context1,50000,test,needleful,20,free_recall,9,0% HF lists
7,lf,context1,52500,test,bowline,20,free_recall,10,0% HF lists
1,lf,context1,55000,test,roped,20,free_recall,11,0% HF lists
5,lf,context1,57500,test,caballero,20,free_recall,12,0% HF lists
2,lf,context1,60000,test,cannonballs,20,free_recall,13,0% HF lists
6,lf,context1,62500,test,maquereau,20,free_recall,14,0% HF lists
3,lf,context1,65000,test,unrighteous,20,free_recall,15,0% HF lists
0,lf,context1,67500,test,choreographing,20,free_recall,16,0% HF lists
7,hf,context1,0,study,hit,21,,1,100% HF lists
5,hf,context1,2500,study,gone,21,,2,100% HF lists
0,hf,context1,5000,study,week,21,,3,100% HF lists
1,hf,context1,7500,study,white,21,,4,100% HF lists
6,hf,context1,10000,study,far,21,,5,100% HF lists
4,hf,context1,12500,study,mother,21,,6,100% HF lists
2,hf,context1,15000,study,those,21,,7,100% HF lists
3,hf,context1,17500,study,wife,21,,8,100% HF lists
7,hf,context1,50000,test,hit,21,free_recall,9,100% HF lists
5,hf,context1,52500,test,gone,21,free_recall,10,100% HF lists
0,hf,context1,55000,test,week,21,free_recall,11,100% HF lists
1,hf,context1,57500,test,white,21,free_recall,12,100% HF lists
6,hf,context1,60000,test,far,21,free_recall,13,100% HF lists
4,hf,context1,62500,test,mother,21,free_recall,14,100% HF lists
2,hf,context1,65000,test,those,21,free_recall,15,100% HF lists
3,hf,context1,67500,test,wife,21,free_recall,16,100% HF lists
2,hf,context1,0,study,law,22,,1,75% HF lists
3,hf,context1,2500,study,cool,22,,2,75% HF lists
5,hf,context1,5000,study,afraid,22,,3,75% HF lists
1,lf,context1,7500,study,unstring,22,,4,75% HF lists
4,hf,context1,10000,study,makes,22,,5,75% HF lists
0,lf,context1,12500,study,jokers,22,,6,75% HF lists
0,hf,context1,15000,study,dance,22,,7,75% HF lists
1,hf,context1,17500,study,quick,22,,8,75% HF lists
2,hf,context1,50000,test,law,22,free_recall,9,75% HF lists
3,hf,context1,52500,test,cool,22,free_recall,10,75% HF lists
5,hf,context1,55000,test,afraid,22,free_recall,11,75% HF lists
1,lf,context1,57500,test,unstring,22,free_recall,12,75% HF lists
4,hf,context1,60000,test,makes,22,free_recall,13,75% HF lists
0,lf,context1,62500,test,jokers,22,free_recall,14,75% HF lists
0,hf,context1,65000,test,dance,22,free_recall,15,75% HF lists
1,hf,context1,67500,test,quick,22,free_recall,16,75% HF lists
2,lf,context1,0,study,smackeroos,23,,1,25% HF lists
0,lf,context1,2500,study,savior,23,,2,25% HF lists
3,lf,context1,5000,study,antihistamines,23,,3,25% HF lists
4,lf,context1,7500,study,ramming,23,,4,25% HF lists
0,hf,context1,10000,study,act,23,,5,25% HF lists
5,lf,context1,12500,study,truckmen,23,,6,25% HF lists
1,lf,context1,15000,study,officiates,23,,7,25% HF lists
1,hf,context1,17500,study,yourself,23,,8,25% HF lists
2,lf,context1,50000,test,smackeroos,23,free_recall,9,25% HF lists
0,lf,context1,52500,test,savior,23,free_recall,10,25% HF lists
3,lf,context1,55000,test,antihistamines,23,free_recall,11,25% HF lists
4,lf,context1,57500,test,ramming,23,free_recall,12,25% HF lists
0,hf,context1,60000,test,act,23,free_recall,13,25% HF lists
5,lf,context1,62500,test,truckmen,23,free_recall,14,25% HF lists
1,lf,context1,65000,test,officiates,23,free_recall,15,25% HF lists
1,hf,context1,67500,test,yourself,23,free_recall,16,25% HF lists
6,lf,context1,0,study,workroom,24,,1,0% HF lists
2,lf,context1,2500,study,diseased,24,,2,0% HF lists
7,lf,context1,5000,study,carted,24,,3,0% HF lists
5,lf,context1,7500,study,shtetl,24,,4,0% HF lists
4,lf,context1,10000,study,lavatory,24,,5,0% HF lists
1,lf,context1,12500,study,hiccuped,24,,6,0% HF lists
3,lf,context1,15000,study,flexure,24,,7,0% HF lists
0,lf,context1,17500,study,reinstates,24,,8,0% HF lists
6,lf,context1,50000,test,workroom,24,free_recall,9,0% HF lists
2,lf,context1,52500,test,diseased,24,free_recall,10,0% HF lists
7,lf,context1,55000,test,carted,24,free_recall,11,0% HF lists
5,lf,context1,57500,test,shtetl,24,free_recall,12,0% HF lists
4,lf,context1,60000,test,lavatory,24,free_recall,13,0% HF lists
1,lf,context1,62500,test,hiccuped,24,free_recall,14,0% HF lists
3,lf,context1,65000,test,flexure,24,free_recall,15,0% HF lists
0,lf,context1,67500,test,reinstates,24,free_recall,16,0% HF lists
5,hf,context1,0,study,myself,25,,1,100% HF lists
0,hf,context1,2500,study,worth,25,,2,100% HF lists
6,hf,context1,5000,study,cut,25,,3,100% HF lists
4,hf,context1,7500,study,son,25,,4,100% HF lists
1,hf,context1,10000,study,find,25,,5,100% HF lists
3,hf,context1,12500,study,few,25,,6,100% HF lists
7,hf,context1,15000,study,law,25,,7,100% HF lists
2,hf,context1,17500,study,things,25,,8,100% HF lists
5,hf,context1,50000,test,myself,25,free_recall,9,100% HF lists
0,hf,context1,52500,test,worth,25,free_recall,10,100% HF lists
6,hf,context1,55000,test,cut,25,free_recall,11,100% HF lists
4,hf,context1,57500,test,son,25,free_recall,12,100% HF lists
1,hf,context1,60000,test,find,25,free_recall,13,100% HF lists
3,hf,context1,62500,test,few,25,free_recall,14,100% HF lists
7,hf,context1,65000,test,law,25,free_recall,15,100% HF lists
2,hf,context1,67500,test,things,25,free_recall,16,100% HF lists
3,hf,context1,0,study,important,26,,1,75% HF lists
0,lf,context1,2500,study,multistory,26,,2,75% HF lists
2,hf,context1,5000,study,looked,26,,3,75% HF lists
5,hf,context1,7500,study,giving,26,,4,75% HF lists
1,hf,context1,10000,study,plan,26,,5,75% HF lists
1,lf,context1,12500,study,flaunted,26,,6,75% HF lists
4,hf,context1,15000,study,order,26,,7,75% HF lists
0,hf,context1,17500,study,does,26,,8,75% HF lists
3,hf,context1,50000,test,important,26,free_recall,9,75% HF lists
0,lf,context1,52500,test,multistory,26,free_recall,10,75% HF lists
2,hf,context1,55000,test,looked,26,free_recall,11,75% HF lists
5,hf,context1,57500,test,giving,26,free_recall,12,75% HF lists
1,hf,context1,60000,test,plan,26,free_recall,13,75% HF lists
1,lf,context1,62500,test,flaunted,26,free_recall,14,75% HF lists
4,hf,context1,65000,test,order,26,free_recall,15,75% HF lists
0,hf,context1,67500,test,does,26,free_recall,16,75% HF lists
1,lf,context1,0,study,gourmands,27,,1,25% HF lists
0,hf,context1,2500,study,shit,27,,2,25% HF lists
3,lf,context1,5000,study,retrench,27,,3,25% HF lists
5,lf,context1,7500,study,groove,27,,4,25% HF lists
0,lf,context1,10000,study,emove,27,,5,25% HF lists
2,lf,context1,12500,study,evolved,27,,6,25% HF lists
4,lf,context1,15000,study,bobsledding,27,,7,25% HF lists
1,hf,context1,17500,study,death,27,,8,25% HF lists
1,lf,context1,50000,test,gourmands,27,free_recall,9,25% HF lists
0,hf,context1,52500,test,shit,27,free_recall,10,25% HF lists
3,lf,context1,55000,test,retrench,27,free_recall,11,25% HF lists
5,lf,context1,57500,test,groove,27,free_recall,12,25% HF lists
0,lf,context1,60000,test,emove,27,free_recall,13,25% HF lists
2,lf,context1,62500,test,evolved,27,free_recall,14,25% HF lists
4,lf,context1,65000,test,bobsledding,27,free_recall,15,25% HF lists
1,hf,context1,67500,test,death,27,free_recall,16,25% HF lists
5,lf,context1,0,study,shuttle,28,,1,0% HF lists
2,lf,context1,2500,study,tenderizing,28,,2,0% HF lists
3,lf,context1,5000,study,condones,28,,3,0% HF lists
6,lf,context1,7500,study,equiped,28,,4,0% HF lists
4,lf,context1,10000,study,miler,28,,5,0% HF lists
0,lf,context1,12500,study,swabby,28,,6,0% HF lists
1,lf,context1,15000,study,flavoursome,28,,7,0% HF lists
7,lf,context1,17500,study,shrug,28,,8,0% HF lists
5,lf,context1,50000,test,shuttle,28,free_recall,9,0% HF lists
2,lf,context1,52500,test,tenderizing,28,free_recall,10,0% HF lists
3,lf,context1,55000,test,condones,28,free_recall,11,0% HF lists
6,lf,context1,57500,test,equiped,28,free_recall,12,0% HF lists
4,lf,context1,60000,test,miler,28,free_recall,13,0% HF lists
0,lf,context1,62500,test,swabby,28,free_recall,14,0% HF lists
1,lf,context1,65000,test,flavoursome,28,free_recall,15,0% HF lists
7,lf,context1,67500,test,shrug,28,free_recall,16,0% HF lists
3,hf,context1,0,study,stuff,29,,1,100% HF lists
7,hf,context1,2500,study,takes,29,,2,100% HF lists
1,hf,context1,5000,study,fall,29,,3,100% HF lists
5,hf,context1,7500,study,yours,29,,4,100% HF lists
6,hf,context1,10000,study,world,29,,5,100% HF lists
4,hf,context1,12500,study,giving,29,,6,100% HF lists
0,hf,context1,15000,study,food,29,,7,100% HF lists
2,hf,context1,17500,study,crazy,29,,8,100% HF lists
3,hf,context1,50000,test,stuff,29,free_recall,9,100% HF lists
7,hf,context1,52500,test,takes,29,free_recall,10,100% HF lists
1,hf,context1,55000,test,fall,29,free_recall,11,100% HF lists
5,hf,context1,57500,test,yours,29,free_recall,12,100% HF lists
6,hf,context1,60000,test,world,29,free_recall,13,100% HF lists
4,hf,context1,62500,test,giving,29,free_recall,14,100% HF lists
0,hf,context1,65000,test,food,29,free_recall,15,100% HF lists
2,hf,context1,67500,test,crazy,29,free_recall,16,100% HF lists
1,hf,context1,0,study,act,30,,1,75% HF lists
0,hf,context1,2500,study,buy,30,,2,75% HF lists
3,hf,context1,5000,study,stand,30,,3,75% HF lists
4,hf,context1,7500,study,made,30,,4,75% HF lists
5,hf,context1,10000,study,gets,30,,5,75% HF lists
1,lf,context1,12500,study,healthiest,30,,6,75% HF lists
2,hf,context1,15000,study,husband,30,,7,75% HF lists
0,lf,context1,17500,study,arteriogram,30,,8,75% HF lists
1,hf,context1,50000,test,act,30,free_recall,9,75% HF lists
0,hf,context1,52500,test,buy,30,free_recall,10,75% HF lists
3,hf,context1,55000,test,stand,30,free_recall,11,75% HF lists
4,hf,context1,57500,test,made,30,free_recall,12,75% HF lists
5,hf,context1,60000,test,gets,30,free_recall,13,75% HF lists
1,lf,context1,62500,test,healthiest,30,free_recall,14,75% HF lists
2,hf,context1,65000,test,husband,30,free_recall,15,75% HF lists
0,lf,context1,67500,test,arteriogram,30,free_recall,16,75% HF lists
4,lf,context1,0,study,consumerism,31,,1,25% HF lists
3,lf,context1,2500,study,removing,31,,2,25% HF lists
1,lf,context1,5000,study,prettying,31,,3,25% HF lists
2,lf,context1,7500,study,spymasters,31,,4,25% HF lists
0,hf,context1,10000,study,inside,31,,5,25% HF lists
1,hf,context1,12500,study,control,31,,6,25% HF lists
5,lf,context1,15000,study,scabbed,31,,7,25% HF lists
0,lf,context1,17500,study,palilalia,31,,8,25% HF lists
4,lf,context1,50000,test,consumerism,31,free_recall,9,25% HF lists
3,lf,context1,52500,test,removing,31,free_recall,10,25% HF lists
1,lf,context1,55000,test,prettying,31,free_recall,11,25% HF lists
2,lf,context1,57500,test,spymasters,31,free_recall,12,25% HF lists
0,hf,context1,60000,test,inside,31,free_recall,13,25% HF lists
1,hf,context1,62500,test,control,31,free_recall,14,25% HF lists
5,lf,context1,65000,test,scabbed,31,free_recall,15,25% HF lists
0,lf,context1,67500,test,palilalia,31,free_recall,16,25% HF lists
4,lf,context1,0,study,piloted,32,,1,0% HF lists
7,lf,context1,2500,study,cuckolds,32,,2,0% HF lists
2,lf,context1,5000,study,pouts,32,,3,0% HF lists
0,lf,context1,7500,study,inexpensively,32,,4,0% HF lists
3,lf,context1,10000,study,clicker,32,,5,0% HF lists
1,lf,context1,12500,study,inductions,32,,6,0% HF lists
5,lf,context1,15000,study,migraine,32,,7,0% HF lists
6,lf,context1,17500,study,commutable,32,,8,0% HF lists
4,lf,context1,50000,test,piloted,32,free_recall,9,0% HF lists
7,lf,context1,52500,test,cuckolds,32,free_recall,10,0% HF lists
2,lf,context1,55000,test,pouts,32,free_recall,11,0% HF lists
0,lf,context1,57500,test,inexpensively,32,free_recall,12,0% HF lists
3,lf,context1,60000,test,clicker,32,free_recall,13,0% HF lists
1,lf,context1,62500,test,inductions,32,free_recall,14,0% HF lists
5,lf,context1,65000,test,migraine,32,free_recall,15,0% HF lists
6,lf,context1,67500,test,commutable,32,free_recall,16,0% HF lists
6,hf,context1,0,study,yourself,33,,1,100% HF lists
3,hf,context1,2500,study,moment,33,,2,100% HF lists
1,hf,context1,5000,study,boy,33,,3,100% HF lists
5,hf,context1,7500,study,car,33,,4,100% HF lists
7,hf,context1,10000,study,having,33,,5,100% HF lists
0,hf,context1,12500,study,talk,33,,6,100% HF lists
2,hf,context1,15000,study,happens,33,,7,100% HF lists
4,hf,context1,17500,study,death,33,,8,100% HF lists
6,hf,context1,50000,test,yourself,33,free_recall,9,100% HF lists
3,hf,context1,52500,test,moment,33,free_recall,10,100% HF lists
1,hf,context1,55000,test,boy,33,free_recall,11,100% HF lists
5,hf,context1,57500,test,car,33,free_recall,12,100% HF lists
7,hf,context1,60000,test,having,33,free_recall,13,100% HF lists
0,hf,context1,62500,test,talk,33,free_recall,14,100% HF lists
2,hf,context1,65000,test,happens,33,free_recall,15,100% HF lists
4,hf,context1,67500,test,death,33,free_recall,16,100% HF lists
0,lf,context1,0,study,mobster,34,,1,75% HF lists
5,hf,context1,2500,study,later,34,,2,75% HF lists
1,hf,context1,5000,study,gave,34,,3,75% HF lists
1,lf,context1,7500,study,bootlicking,34,,4,75% HF lists
2,hf,context1,10000,study,pay,34,,5,75% HF lists
0,hf,context1,12500,study,new,34,,6,75% HF lists
4,hf,context1,15000,study,shall,34,,7,75% HF lists
3,hf,context1,17500,study,help,34,,8,75% HF lists
0,lf,context1,50000,test,mobster,34,free_recall,9,75% HF lists
5,hf,context1,52500,test,later,34,free_recall,10,75% HF lists
1,hf,context1,55000,test,gave,34,free_recall,11,75% HF lists
1,lf,context1,57500,test,bootlicking,34,free_recall,12,75% HF lists
2,hf,context1,60000,test,pay,34,free_recall,13,75% HF lists
0,hf,context1,62500,test,new,34,free_recall,14,75% HF lists
4,hf,context1,65000,test,shall,34,free_recall,15,75% HF lists
3,hf,context1,67500,test,help,34,free_recall,16,75% HF lists
0,lf,context1,0,study,breathlessly,35,,1,25% HF lists
1,hf,context1,2500,study,mind,35,,2,25% HF lists
4,lf,context1,5000,study,dinnerware,35,,3,25% HF lists
3,lf,context1,7500,study,stoutest,35,,4,25% HF lists
1,lf,context1,10000,study,savages,35,,5,25% HF lists
0,hf,context1,12500,study,friends,35,,6,25% HF lists
5,lf,context1,15000,study,caretakers,35,,7,25% HF lists
2,lf,context1,17500,study,sunk,35,,8,25% HF lists
0,lf,context1,50000,test,breathlessly,35,free_recall,9,25% HF lists
1,hf,context1,52500,test,mind,35,free_recall,10,25% HF lists
4,lf,context1,55000,test,dinnerware,35,free_recall,11,25% HF lists
3,lf,context1,57500,test,stoutest,35,free_recall,12,25% HF lists
1,lf,context1,60000,test,savages,35,free_recall,13,25% HF lists
0,hf,context1,62500,test,friends,35,free_recall,14,25% HF lists
5,lf,context1,65000,test,caretakers,35,free_recall,15,25% HF lists
2,lf,context1,67500,test,sunk,35,free_recall,16,25% HF lists
4,lf,context1,0,study,illegible,36,,1,0% HF lists
2,lf,context1,2500,study,misspell,36,,2,0% HF lists
7,lf,context1,5000,study,legionnaires,36,,3,0% HF lists
5,lf,context1,7500,study,unexploited,36,,4,0% HF lists
3,lf,context1,10000,study,watercress,36,,5,0% HF lists
1,lf,context1,12500,study,borer,36,,6,0% HF lists
6,lf,context1,15000,study,extremism,36,,7,0% HF lists
0,lf,context1,17500,study,conscripting,36,,8,0% HF lists
4,lf,context1,50000,test,illegible,36,free_recall,9,0% HF lists
2,lf,context1,52500,test,misspell,36,free_recall,10,0% HF lists
7,lf,context1,55000,test,legionnaires,36,free_recall,11,0% HF lists
5,lf,context1,57500,test,unexploited,36,free_recall,12,0% HF lists
3,lf,context1,60000,test,watercress,36,free_recall,13,0% HF lists
1,lf,context1,62500,test,borer,36,free_recall,14,0% HF lists
6,lf,context1,65000,test,extremism,36,free_recall,15,0% HF lists
0,lf,context1,67500,test,conscripting,36,free_recall,16,0% HF lists
1,hf,context1,0,study,early,37,,1,100% HF lists
6,hf,context1,2500,study,check,37,,2,100% HF lists
7,hf,context1,5000,study,use,37,,3,100% HF lists
2,hf,context1,7500,study,day,37,,4,100% HF lists
4,hf,context1,10000,study,saw,37,,5,100% HF lists
0,hf,context1,12500,study,new,37,,6,100% HF lists
5,hf,context1,15000,study,running,37,,7,100% HF lists
3,hf,context1,17500,study,eye,37,,8,100% HF lists
1,hf,context1,50000,test,early,37,free_recall,9,100% HF lists
6,hf,context1,52500,test,check,37,free_recall,10,100% HF lists
7,hf,context1,55000,test,use,37,free_recall,11,100% HF lists
2,hf,context1,57500,test,day,37,free_recall,12,100% HF lists
4,hf,context1,60000,test,saw,37,free_recall,13,100% HF lists
0,hf,context1,62500,test,new,37,free_recall,14,100% HF lists
5,hf,context1,65000,test,running,37,free_recall,15,100% HF lists
3,hf,context1,67500,test,eye,37,free_recall,16,100% HF lists
1,lf,context1,0,study,footed,38,,1,75% HF lists
0,lf,context1,2500,study,untelevised,38,,2,75% HF lists
5,hf,context1,5000,study,even,38,,3,75% HF lists
4,hf,context1,7500,study,both,38,,4,75% HF lists
1,hf,context1,10000,study,clean,38,,5,75% HF lists
0,hf,context1,12500,study,darling,38,,6,75% HF lists
3,hf,context1,15000,study,power,38,,7,75% HF lists
2,hf,context1,17500,study,coming,38,,8,75% HF lists
1,lf,context1,50000,test,footed,38,free_recall,9,75% HF lists
0,lf,context1,52500,test,untelevised,38,free_recall,10,75% HF lists
5,hf,context1,55000,test,even,38,free_recall,11,75% HF lists
4,hf,context1,57500,test,both,38,free_recall,12,75% HF lists
1,hf,context1,60000,test,clean,38,free_recall,13,75% HF lists
0,hf,context1,62500,test,darling,38,free_recall,14,75% HF lists
3,hf,context1,65000,test,power,38,free_recall,15,75% HF lists
2,hf,context1,67500,test,coming,38,free_recall,16,75% HF lists
3,lf,context1,0,study,shakier,39,,1,25% HF lists
1,hf,context1,2500,study,close,39,,2,25% HF lists
5,lf,context1,5000,study,amateurish,39,,3,25% HF lists
0,lf,context1,7500,study,pharmacist,39,,4,25% HF lists
4,lf,context1,10000,study,virology,39,,5,25% HF lists
2,lf,context1,12500,study,fissures,39,,6,25% HF lists
0,hf,context1,15000,study,eye,39,,7,25% HF lists
1,lf,context1,17500,study,chiffonade,39,,8,25% HF lists
3,lf,context1,50000,test,shakier,39,free_recall,9,25% HF lists
1,hf,context1,52500,test,close,39,free_recall,10,25% HF lists
5,lf,context1,55000,test,amateurish,39,free_recall,11,25% HF lists
0,lf,context1,57500,test,pharmacist,39,free_recall,12,25% HF lists
4,lf,context1,60000,test,virology,39,free_recall,13,25% HF lists
2,lf,context1,62500,test,fissures,39,free_recall,14,25% HF lists
0,hf,context1,65000,test,eye,39,free_recall,15,25% HF lists
1,lf,context1,67500,test,chiffonade,39,free_recall,16,25% HF lists
1,lf,context1,0,study,musica,40,,1,0% HF lists
3,lf,context1,2500,study,brainwasher,40,,2,0% HF lists
6,lf,context1,5000,study,potholders,40,,3,0% HF lists
0,lf,context1,7500,study,roadblocks,40,,4,0% HF lists
7,lf,context1,10000,study,palest,40,,5,0% HF lists
2,lf,context1,12500,study,applauding,40,,6,0% HF lists
5,lf,context1,15000,study,imperialist,40,,7,0% HF lists
4,lf,context1,17500,study,nonces,40,,8,0% HF lists
1,lf,context1,50000,test,musica,40,free_recall,9,0% HF lists
3,lf,context1,52500,test,brainwasher,40,free_recall,10,0% HF lists
6,lf,context1,55000,test,potholders,40,free_recall,11,0% HF lists
0,lf,context1,57500,test,roadblocks,40,free_recall,12,0% HF lists
7,lf,context1,60000,test,palest,40,free_recall,13,0% HF lists
2,lf,context1,62500,test,applauding,40,free_recall,14,0% HF lists
5,lf,context1,65000,test,imperialist,40,free_recall,15,0% HF lists
4,lf,context1,67500,test,nonces,40,free_recall,16,0% HF lists
0,hf,context1,0,study,wish,41,,1,100% HF lists
2,hf,context1,2500,study,top,41,,2,100% HF lists
7,hf,context1,5000,study,husband,41,,3,100% HF lists
6,hf,context1,7500,study,talked,41,,4,100% HF lists
4,hf,context1,10000,study,movie,41,,5,100% HF lists
3,hf,context1,12500,study,ahead,41,,6,100% HF lists
1,hf,context1,15000,study,serious,41,,7,100% HF lists
5,hf,context1,17500,study,touch,41,,8,100% HF lists
0,hf,context1,50000,test,wish,41,free_recall,9,100% HF lists
2,hf,context1,52500,test,top,41,free_recall,10,100% HF lists
7,hf,context1,55000,test,husband,41,free_recall,11,100% HF lists
6,hf,context1,57500,test,talked,41,free_recall,12,100% HF lists
4,hf,context1,60000,test,movie,41,free_recall,13,100% HF lists
3,hf,context1,62500,test,ahead,41,free_recall,14,100% HF lists
1,hf,context1,65000,test,serious,41,free_recall,15,100% HF lists
5,hf,context1,67500,test,touch,41,free_recall,16,100% HF lists
2,hf,context1,0,study,fight,42,,1,75% HF lists
3,hf,context1,2500,study,show,42,,2,75% HF lists
1,hf,context1,5000,study,living,42,,3,75% HF lists
5,hf,context1,7500,study,watch,42,,4,75% HF lists
0,hf,context1,10000,study,times,42,,5,75% HF lists
0,lf,context1,12500,study,bemete,42,,6,75% HF lists
1,lf,context1,15000,study,festa,42,,7,75% HF lists
4,hf,context1,17500,study,huh,42,,8,75% HF lists
2,hf,context1,50000,test,fight,42,free_recall,9,75% HF lists
3,hf,context1,52500,test,show,42,free_recall,10,75% HF lists
1,hf,context1,55000,test,living,42,free_recall,11,75% HF lists
5,hf,context1,57500,test,watch,42,free_recall,12,75% HF lists
0,hf,context1,60000,test,times,42,free_recall,13,75% HF lists
0,lf,context1,62500,test,bemete,42,free_recall,14,75% HF lists
1,lf,context1,65000,test,festa,42,free_recall,15,75% HF lists
4,hf,context1,67500,test,huh,42,free_recall,16,75% HF lists
1,hf,context1,0,study,seven,43,,1,25% HF lists
5,lf,context1,2500,study,thenar,43,,2,25% HF lists
3,lf,context1,5000,study,klutziness,43,,3,25% HF lists
0,hf,context1,7500,study,food,43,,4,25% HF lists
2,lf,context1,10000,study,floaters,43,,5,25% HF lists
1,lf,context1,12500,study,mentalist,43,,6,25% HF lists
0,lf,context1,15000,study,cataplexy,43,,7,25% HF lists
4,lf,context1,17500,study,infestation,43,,8,25% HF lists
1,hf,context1,50000,test,seven,43,free_recall,9,25% HF lists
5,lf,context1,52500,test,thenar,43,free_recall,10,25% HF lists
3,lf,context1,55000,test,klutziness,43,free_recall,11,25% HF lists
0,hf,context1,57500,test,food,43,free_recall,12,25% HF lists
2,lf,context1,60000,test,floaters,43,free_recall,13,25% HF lists
1,lf,context1,62500,test,mentalist,43,free_recall,14,25% HF lists
0,lf,context1,65000,test,cataplexy,43,free_recall,15,25% HF lists
4,lf,context1,67500,test,infestation,43,free_recall,16,25% HF lists
2,lf,context1,0,study,multicellular,44,,1,0% HF lists
7,lf,context1,2500,study,ky,44,,2,0% HF lists
1,lf,context1,5000,study,sorriness,44,,3,0% HF lists
4,lf,context1,7500,study,juggle,44,,4,0% HF lists
3,lf,context1,10000,study,unreel,44,,5,0% HF lists
0,lf,context1,12500,study,adventurous,44,,6,0% HF lists
5,lf,context1,15000,study,groat,44,,7,0% HF lists
6,lf,context1,17500,study,yawned,44,,8,0% HF lists
2,lf,context1,50000,test,multicellular,44,free_recall,9,0% HF lists
7,lf,context1,52500,test,ky,44,free_recall,10,0% HF lists
1,lf,context1,55000,test,sorriness,44,free_recall,11,0% HF lists
4,lf,context1,57500,test,juggle,44,free_recall,12,0% HF lists
3,lf,context1,60000,test,unreel,44,free_recall,13,0% HF lists
0,lf,context1,62500,test,adventurous,44,free_recall,14,0% HF lists
5,lf,context1,65000,test,groat,44,free_recall,15,0% HF lists
6,lf,context1,67500,test,yawned,44,free_recall,16,0% HF lists
2,hf,context1,0,study,number,45,,1,100% HF lists
5,hf,context1,2500,study,husband,45,,2,100% HF lists
6,hf,context1,5000,study,leaving,45,,3,100% HF lists
3,hf,context1,7500,study,show,45,,4,100% HF lists
1,hf,context1,10000,study,few,45,,5,100% HF lists
4,hf,context1,12500,study,gets,45,,6,100% HF lists
0,hf,context1,15000,study,yours,45,,7,100% HF lists
7,hf,context1,17500,study,gentlemen,45,,8,100% HF lists
2,hf,context1,50000,test,number,45,free_recall,9,100% HF lists
5,hf,context1,52500,test,husband,45,free_recall,10,100% HF lists
6,hf,context1,55000,test,leaving,45,free_recall,11,100% HF lists
3,hf,context1,57500,test,show,45,free_recall,12,100% HF lists
1,hf,context1,60000,test,few,45,free_recall,13,100% HF lists
4,hf,context1,62500,test,gets,45,free_recall,14,100% HF lists
0,hf,context1,65000,test,yours,45,free_recall,15,100% HF lists
7,hf,context1,67500,test,gentlemen,45,free_recall,16,100% HF lists
5,hf,context1,0,study,start,46,,1,75% HF lists
4,hf,context1,2500,study,hell,46,,2,75% HF lists
1,hf,context1,5000,study,friends,46,,3,75% HF lists
3,hf,context1,7500,study,fall,46,,4,75% HF lists
1,lf,context1,10000,study,hydrous,46,,5,75% HF lists
2,hf,context1,12500,study,thought,46,,6,75% HF lists
0,hf,context1,15000,study,call,46,,7,75% HF lists
0,lf,context1,17500,study,polluting,46,,8,75% HF lists
5,hf,context1,50000,test,start,46,free_recall,9,75% HF lists
4,hf,context1,52500,test,hell,46,free_recall,10,75% HF lists
1,hf,context1,55000,test,friends,46,free_recall,11,75% HF lists
3,hf,context1,57500,test,fall,46,free_recall,12,75% HF lists
1,lf,context1,60000,test,hydrous,46,free_recall,13,75% HF lists
2,hf,context1,62500,test,thought,46,free_recall,14,75% HF lists
0,hf,context1,65000,test,call,46,free_recall,15,75% HF lists
0,lf,context1,67500,test,polluting,46,free_recall,16,75% HF lists
0,lf,context1,0,study,fender,47,,1,25% HF lists
1,lf,context1,2500,study,marital,47,,2,25% HF lists
5,lf,context1,5000,study,landfill,47,,3,25% HF lists
2,lf,context1,7500,study,overhanging,47,,4,25% HF lists
1,hf,context1,10000,study,kids,47,,5,25% HF lists
4,lf,context1,12500,study,congenital,47,,6,25% HF lists
0,hf,context1,15000,study,aren,47,,7,25% HF lists
3,lf,context1,17500,study,nauseam,47,,8,25% HF lists
0,lf,context1,50000,test,fender,47,free_recall,9,25% HF lists
1,lf,context1,52500,test,marital,47,free_recall,10,25% HF lists
5,lf,context1,55000,test,landfill,47,free_recall,11,25% HF lists
2,lf,context1,57500,test,overhanging,47,free_recall,12,25% HF lists
1,hf,context1,60000,test,kids,47,free_recall,13,25% HF lists
4,lf,context1,62500,test,congenital,47,free_recall,14,25% HF lists
0,hf,context1,65000,test,aren,47,free_recall,15,25% HF lists
3,lf,context1,67500,test,nauseam,47,free_recall,16,25% HF lists
2,lf,context1,0,study,inorganic,48,,1,0% HF lists
5,lf,context1,2500,study,liveth,48,,2,0% HF lists
6,lf,context1,5000,study,bigamous,48,,3,0% HF lists
4,lf,context1,7500,study,climaxing,48,,4,0% HF lists
7,lf,context1,10000,study,teachable,48,,5,0% HF lists
0,lf,context1,12500,study,tins,48,,6,0% HF lists
1,lf,context1,15000,study,ulcerated,48,,7,0% HF lists
3,lf,context1,17500,study,incomprehensible,48,,8,0% HF lists
2,lf,context1,50000,test,inorganic,48,free_recall,9,0% HF lists
5,lf,context1,52500,test,liveth,48,free_recall,10,0% HF lists
6,lf,context1,55000,test,bigamous,48,free_recall,11,0% HF lists
4,lf,context1,57500,test,climaxing,48,free_recall,12,0% HF lists
7,lf,context1,60000,test,teachable,48,free_recall,13,0% HF lists
0,lf,context1,62500,test,tins,48,free_recall,14,0% HF lists
1,lf,context1,65000,test,ulcerated,48,free_recall,15,0% HF lists
3,lf,context1,67500,test,incomprehensible,48,free_recall,16,0% HF lists
5,hf,context1,0,study,lie,49,,1,100% HF lists
6,hf,context1,2500,study,question,49,,2,100% HF lists
4,hf,context1,5000,study,couple,49,,3,100% HF lists
7,hf,context1,7500,study,husband,49,,4,100% HF lists
0,hf,context1,10000,study,hit,49,,5,100% HF lists
3,hf,context1,12500,study,hospital,49,,6,100% HF lists
1,hf,context1,15000,study,shouldn,49,,7,100% HF lists
2,hf,context1,17500,study,years,49,,8,100% HF lists
5,hf,context1,50000,test,lie,49,free_recall,9,100% HF lists
6,hf,context1,52500,test,question,49,free_recall,10,100% HF lists
4,hf,context1,55000,test,couple,49,free_recall,11,100% HF lists
7,hf,context1,57500,test,husband,49,free_recall,12,100% HF lists
0,hf,context1,60000,test,hit,49,free_recall,13,100% HF lists
3,hf,context1,62500,test,hospital,49,free_recall,14,100% HF lists
1,hf,context1,65000,test,shouldn,49,free_recall,15,100% HF lists
2,hf,context1,67500,test,years,49,free_recall,16,100% HF lists
1,lf,context1,0,study,sounder,50,,1,75% HF lists
5,hf,context1,2500,study,use,50,,2,75% HF lists
1,hf,context1,5000,study,face,50,,3,75% HF lists
2,hf,context1,7500,study,seems,50,,4,75% HF lists
4,hf,context1,10000,study,lost,50,,5,75% HF lists
0,hf,context1,12500,study,someone,50,,6,75% HF lists
3,hf,context1,15000,study,less,50,,7,75% HF lists
0,lf,context1,17500,study,pausing,50,,8,75% HF lists
1,lf,context1,50000,test,sounder,50,free_recall,9,75% HF lists
5,hf,context1,52500,test,use,50,free_recall,10,75% HF lists
1,hf,context1,55000,test,face,50,free_recall,11,75% HF lists
2,hf,context1,57500,test,seems,50,free_recall,12,75% HF lists
4,hf,context1,60000,test,lost,50,free_recall,13,75% HF lists
0,hf,context1,62500,test,someone,50,free_recall,14,75% HF lists
3,hf,context1,65000,test,less,50,free_recall,15,75% HF lists
0,lf,context1,67500,test,pausing,50,free_recall,16,75% HF lists
0,hf,context1,0,study,wish,51,,1,25% HF lists
4,lf,context1,2500,study,moonface,51,,2,25% HF lists
5,lf,context1,5000,study,tracksuits,51,,3,25% HF lists
0,lf,context1,7500,study,fringed,51,,4,25% HF lists
1,hf,context1,10000,study,outside,51,,5,25% HF lists
3,lf,context1,12500,study,lumbago,51,,6,25% HF lists
2,lf,context1,15000,study,wallower,51,,7,25% HF lists
1,lf,context1,17500,study,philanthropy,51,,8,25% HF lists
0,hf,context1,50000,test,wish,51,free_recall,9,25% HF lists
4,lf,context1,52500,test,moonface,51,free_recall,10,25% HF lists
5,lf,context1,55000,test,tracksuits,51,free_recall,11,25% HF lists
0,lf,context1,57500,test,fringed,51,free_recall,12,25% HF lists
1,hf,context1,60000,test,outside,51,free_recall,13,25% HF lists
3,lf,context1,62500,test,lumbago,51,free_recall,14,25% HF lists
2,lf,context1,65000,test,wallower,51,free_recall,15,25% HF lists
1,lf,context1,67500,test,philanthropy,51,free_recall,16,25% HF lists
0,lf,context1,0,study,representant,52,,1,0% HF lists
2,lf,context1,2500,study,uncasual,52,,2,0% HF lists
1,lf,context1,5000,study,designate,52,,3,0% HF lists
3,lf,context1,7500,study,retinas,52,,4,0% HF lists
6,lf,context1,10000,study,scheming,52,,5,0% HF lists
4,lf,context1,12500,study,siphoned,52,,6,0% HF lists
5,lf,context1,15000,study,raiser,52,,7,0% HF lists
7,lf,context1,17500,study,bulldozers,52,,8,0% HF lists
0,lf,context1,50000,test,representant,52,free_recall,9,0% HF lists
2,lf,context1,52500,test,uncasual,52,free_recall,10,0% HF lists
1,lf,context1,55000,test,designate,52,free_recall,11,0% HF lists
3,lf,context1,57500,test,retinas,52,free_recall,12,0% HF lists
6,lf,context1,60000,test,scheming,52,free_recall,13,0% HF lists
4,lf,context1,62500,test,siphoned,52,free_recall,14,0% HF lists
5,lf,context1,65000,test,raiser,52,free_recall,15,0% HF lists
7,lf,context1,67500,test,bulldozers,52,free_recall,16,0% HF lists
4,hf,context1,0,study,learn,53,,1,100% HF lists
6,hf,context1,2500,study,pretty,53,,2,100% HF lists
7,hf,context1,5000,study,check,53,,3,100% HF lists
1,hf,context1,7500,study,while,53,,4,100% HF lists
0,hf,context1,10000,study,into,53,,5,100% HF lists
3,hf,context1,12500,study,yours,53,,6,100% HF lists
2,hf,context1,15000,study,eat,53,,7,100% HF lists
5,hf,context1,17500,study,tried,53,,8,100% HF lists
4,hf,context1,50000,test,learn,53,free_recall,9,100% HF lists
6,hf,context1,52500,test,pretty,53,free_recall,10,100% HF lists
7,hf,context1,55000,test,check,53,free_recall,11,100% HF lists
1,hf,context1,57500,test,while,53,free_recall,12,100% HF lists
0,hf,context1,60000,test,into,53,free_recall,13,100% HF lists
3,hf,context1,62500,test,yours,53,free_recall,14,100% HF lists
2,hf,context1,65000,test,eat,53,free_recall,15,100% HF lists
5,hf,context1,67500,test,tried,53,free_recall,16,100% HF lists
0,lf,context1,0,study,transmogrifying,54,,1,75% HF lists
0,hf,context1,2500,study,making,54,,2,75% HF lists
5,hf,context1,5000,study,white,54,,3,75% HF lists
4,hf,context1,7500,study,face,54,,4,75% HF lists
2,hf,context1,10000,study,tried,54,,5,75% HF lists
1,lf,context1,12500,study,injunctive,54,,6,75% HF lists
1,hf,context1,15000,study,ha,54,,7,75% HF lists
3,hf,context1,17500,study,pass,54,,8,75% HF lists
0,lf,context1,50000,test,transmogrifying,54,free_recall,9,75% HF lists
0,hf,context1,52500,test,making,54,free_recall,10,75% HF lists
5,hf,context1,55000,test,white,54,free_recall,11,75% HF lists
4,hf,context1,57500,test,face,54,free_recall,12,75% HF lists
2,hf,context1,60000,test,tried,54,free_recall,13,75% HF lists
1,lf,context1,62500,test,injunctive,54,free_recall,14,75% HF lists
1,hf,context1,65000,test,ha,54,free_recall,15,75% HF lists
3,hf,context1,67500,test,pass,54,free_recall,16,75% HF lists
0,lf,context1,0,study,poisoners,55,,1,25% HF lists
5,lf,context1,2500,study,carbuncle,55,,2,25% HF lists
1,lf,context1,5000,study,drippings,55,,3,25% HF lists
1,hf,context1,7500,study,looking,55,,4,25% HF lists
2,lf,context1,10000,study,reinflate,55,,5,25% HF lists
3,lf,context1,12500,study,paddle,55,,6,25% HF lists
4,lf,context1,15000,study,furthered,55,,7,25% HF lists
0,hf,context1,17500,study,fuck,55,,8,25% HF lists
0,lf,context1,50000,test,poisoners,55,free_recall,9,25% HF lists
5,lf,context1,52500,test,carbuncle,55,free_recall,10,25% HF lists
1,lf,context1,55000,test,drippings,55,free_recall,11,25% HF lists
1,hf,context1,57500,test,looking,55,free_recall,12,25% HF lists
2,lf,context1,60000,test,reinflate,55,free_recall,13,25% HF lists
3,lf,context1,62500,test,paddle,55,free_recall,14,25% HF lists
4,lf,context1,65000,test,furthered,55,free_recall,15,25% HF lists
0,hf,context1,67500,test,fuck,55,free_recall,16,25% HF lists
2,lf,context1,0,study,liquidate,56,,1,0% HF lists
5,lf,context1,2500,study,trickers,56,,2,0% HF lists
3,lf,context1,5000,study,wabe,56,,3,0% HF lists
6,lf,context1,7500,study,vouchering,56,,4,0% HF lists
0,lf,context1,10000,study,holed,56,,5,0% HF lists
1,lf,context1,12500,study,dallying,56,,6,0% HF lists
7,lf,context1,15000,study,developmentalist,56,,7,0% HF lists
4,lf,context1,17500,study,vaguely,56,,8,0% HF lists
2,lf,context1,50000,test,liquidate,56,free_recall,9,0% HF lists
5,lf,context1,52500,test,trickers,56,free_recall,10,0% HF lists
3,lf,context1,55000,test,wabe,56,free_recall,11,0% HF lists
6,lf,context1,57500,test,vouchering,56,free_recall,12,0% HF lists
0,lf,context1,60000,test,holed,56,free_recall,13,0% HF lists
1,lf,context1,62500,test,dallying,56,free_recall,14,0% HF lists
7,lf,context1,65000,test,developmentalist,56,free_recall,15,0% HF lists
4,lf,context1,67500,test,vaguely,56,free_recall,16,0% HF lists
0,hf,context1,0,study,welcome,57,,1,100% HF lists
4,hf,context1,2500,study,court,57,,2,100% HF lists
7,hf,context1,5000,study,money,57,,3,100% HF lists
5,hf,context1,7500,study,weeks,57,,4,100% HF lists
2,hf,context1,10000,study,lady,57,,5,100% HF lists
6,hf,context1,12500,study,paper,57,,6,100% HF lists
3,hf,context1,15000,study,important,57,,7,100% HF lists
1,hf,context1,17500,study,sit,57,,8,100% HF lists
0,hf,context1,50000,test,welcome,57,free_recall,9,100% HF lists
4,hf,context1,52500,test,court,57,free_recall,10,100% HF lists
7,hf,context1,55000,test,money,57,free_recall,11,100% HF lists
5,hf,context1,57500,test,weeks,57,free_recall,12,100% HF lists
2,hf,context1,60000,test,lady,57,free_recall,13,100% HF lists
6,hf,context1,62500,test,paper,57,free_recall,14,100% HF lists
3,hf,context1,65000,test,important,57,free_recall,15,100% HF lists
1,hf,context1,67500,test,sit,57,free_recall,16,100% HF lists
5,hf,context1,0,study,food,58,,1,75% HF lists
2,hf,context1,2500,study,minute,58,,2,75% HF lists
1,hf,context1,5000,study,answer,58,,3,75% HF lists
4,hf,context1,7500,study,buddy,58,,4,75% HF lists
3,hf,context1,10000,study,book,58,,5,75% HF lists
0,lf,context1,12500,study,harebrain,58,,6,75% HF lists
1,lf,context1,15000,study,cruellest,58,,7,75% HF lists
0,hf,context1,17500,study,lives,58,,8,75% HF lists
5,hf,context1,50000,test,food,58,free_recall,9,75% HF lists
2,hf,context1,52500,test,minute,58,free_recall,10,75% HF lists
1,hf,context1,55000,test,answer,58,free_recall,11,75% HF lists
4,hf,context1,57500,test,buddy,58,free_recall,12,75% HF lists
3,hf,context1,60000,test,book,58,free_recall,13,75% HF lists
0,lf,context1,62500,test,harebrain,58,free_recall,14,75% HF lists
1,lf,context1,65000,test,cruellest,58,free_recall,15,75% HF lists
0,hf,context1,67500,test,lives,58,free_recall,16,75% HF lists
1,hf,context1,0,study,wouldn,59,,1,25% HF lists
0,lf,context1,2500,study,exacted,59,,2,25% HF lists
0,hf,context1,5000,study,sleep,59,,3,25% HF lists
2,lf,context1,7500,study,adamantly,59,,4,25% HF lists
4,lf,context1,10000,study,jocks,59,,5,25% HF lists
3,lf,context1,12500,study,nurtured,59,,6,25% HF lists
1,lf,context1,15000,study,invocations,59,,7,25% HF lists
5,lf,context1,17500,study,aggressors,59,,8,25% HF lists
1,hf,context1,50000,test,wouldn,59,free_recall,9,25% HF lists
0,lf,context1,52500,test,exacted,59,free_recall,10,25% HF lists
0,hf,context1,55000,test,sleep,59,free_recall,11,25% HF lists
2,lf,context1,57500,test,adamantly,59,free_recall,12,25% HF lists
4,lf,context1,60000,test,jocks,59,free_recall,13,25% HF lists
3,lf,context1,62500,test,nurtured,59,free_recall,14,25% HF lists
1,lf,context1,65000,test,invocations,59,free_recall,15,25% HF lists
5,lf,context1,67500,test,aggressors,59,free_recall,16,25% HF lists
3,lf,context1,0,study,maximums,60,,1,0% HF lists
1,lf,context1,2500,study,boogies,60,,2,0% HF lists
4,lf,context1,5000,study,livers,60,,3,0% HF lists
2,lf,context1,7500,study,polygamy,60,,4,0% HF lists
0,lf,context1,10000,study,houseplant,60,,5,0% HF lists
6,lf,context1,12500,study,scribblers,60,,6,0% HF lists
7,lf,context1,15000,study,mezzo,60,,7,0% HF lists
5,lf,context1,17500,study,deathin,60,,8,0% HF lists
3,lf,context1,50000,test,maximums,60,free_recall,9,0% HF lists
1,lf,context1,52500,test,boogies,60,free_recall,10,0% HF lists
4,lf,context1,55000,test,livers,60,free_recall,11,0% HF lists
2,lf,context1,57500,test,polygamy,60,free_recall,12,0% HF lists
0,lf,context1,60000,test,houseplant,60,free_recall,13,0% HF lists
6,lf,context1,62500,test,scribblers,60,free_recall,14,0% HF lists
7,lf,context1,65000,test,mezzo,60,free_recall,15,0% HF lists
5,lf,context1,67500,test,deathin,60,free_recall,16,0% HF lists
4,hf,context1,0,study,being,61,,1,100% HF lists
5,hf,context1,2500,study,busy,61,,2,100% HF lists
2,hf,context1,5000,study,mother,61,,3,100% HF lists
0,hf,context1,7500,study,whole,61,,4,100% HF lists
7,hf,context1,10000,study,win,61,,5,100% HF lists
1,hf,context1,12500,study,looks,61,,6,100% HF lists
3,hf,context1,15000,study,beat,61,,7,100% HF lists
6,hf,context1,17500,study,promise,61,,8,100% HF lists
4,hf,context1,50000,test,being,61,free_recall,9,100% HF lists
5,hf,context1,52500,test,busy,61,free_recall,10,100% HF lists
2,hf,context1,55000,test,mother,61,free_recall,11,100% HF lists
0,hf,context1,57500,test,whole,61,free_recall,12,100% HF lists
7,hf,context1,60000,test,win,61,free_recall,13,100% HF lists
1,hf,context1,62500,test,looks,61,free_recall,14,100% HF lists
3,hf,context1,65000,test,beat,61,free_recall,15,100% HF lists
6,hf,context1,67500,test,promise,61,free_recall,16,100% HF lists
5,hf,context1,0,study,tired,62,,1,75% HF lists
0,lf,context1,2500,study,waxing,62,,2,75% HF lists
3,hf,context1,5000,study,between,62,,3,75% HF lists
1,lf,context1,7500,study,squeezing,62,,4,75% HF lists
4,hf,context1,10000,study,pretty,62,,5,75% HF lists
1,hf,context1,12500,study,exactly,62,,6,75% HF lists
0,hf,context1,15000,study,wrong,62,,7,75% HF lists
2,hf,context1,17500,study,certainly,62,,8,75% HF lists
5,hf,context1,50000,test,tired,62,free_recall,9,75% HF lists
0,lf,context1,52500,test,waxing,62,free_recall,10,75% HF lists
3,hf,context1,55000,test,between,62,free_recall,11,75% HF lists
1,lf,context1,57500,test,squeezing,62,free_recall,12,75% HF lists
4,hf,context1,60000,test,pretty,62,free_recall,13,75% HF lists
1,hf,context1,62500,test,exactly,62,free_recall,14,75% HF lists
0,hf,context1,65000,test,wrong,62,free_recall,15,75% HF lists
2,hf,context1,67500,test,certainly,62,free_recall,16,75% HF lists
0,lf,context1,0,study,corrosives,63,,1,25% HF lists
1,lf,context1,2500,study,postured,63,,2,25% HF lists
0,hf,context1,5000,study,blood,63,,3,25% HF lists
5,lf,context1,7500,study,inkwell,63,,4,25% HF lists
2,lf,context1,10000,study,textbooks,63,,5,25% HF lists
4,lf,context1,12500,study,crotchet,63,,6,25% HF lists
3,lf,context1,15000,study,replacements,63,,7,25% HF lists
1,hf,context1,17500,study,telling,63,,8,25% HF lists
0,lf,context1,50000,test,corrosives,63,free_recall,9,25% HF lists
1,lf,context1,52500,test,postured,63,free_recall,10,25% HF lists
0,hf,context1,55000,test,blood,63,free_recall,11,25% HF lists
5,lf,context1,57500,test,inkwell,63,free_recall,12,25% HF lists
2,lf,context1,60000,test,textbooks,63,free_recall,13,25% HF lists
4,lf,context1,62500,test,crotchet,63,free_recall,14,25% HF lists
3,lf,context1,65000,test,replacements,63,free_recall,15,25% HF lists
1,hf,context1,67500,test,telling,63,free_recall,16,25% HF lists
6,lf,context1,0,study,outlays,64,,1,0% HF lists
1,lf,context1,2500,study,encloses,64,,2,0% HF lists
3,lf,context1,5000,study,noncombustible,64,,3,0% HF lists
5,lf,context1,7500,study,snowdrifts,64,,4,0% HF lists
7,lf,context1,10000,study,astroscope,64,,5,0% HF lists
2,lf,context1,12500,study,chubs,64,,6,0% HF lists
0,lf,context1,15000,study,inherent,64,,7,0% HF lists
4,lf,context1,17500,study,poignant,64,,8,0% HF lists
6,lf,context1,50000,test,outlays,64,free_recall,9,0% HF lists
1,lf,context1,52500,test,encloses,64,free_recall,10,0% HF lists
3,lf,context1,55000,test,noncombustible,64,free_recall,11,0% HF lists
5,lf,context1,57500,test,snowdrifts,64,free_recall,12,0% HF lists
7,lf,context1,60000,test,astroscope,64,free_recall,13,0% HF lists
2,lf,context1,62500,test,chubs,64,free_recall,14,0% HF lists
0,lf,context1,65000,test,inherent,64,free_recall,15,0% HF lists
4,lf,context1,67500,test,poignant,64,free_recall,16,0% HF lists
1,hf,context1,0,study,beat,65,,1,100% HF lists
7,hf,context1,2500,study,lady,65,,2,100% HF lists
6,hf,context1,5000,study,looking,65,,3,100% HF lists
4,hf,context1,7500,study,days,65,,4,100% HF lists
3,hf,context1,10000,study,taken,65,,5,100% HF lists
5,hf,context1,12500,study,help,65,,6,100% HF lists
2,hf,context1,15000,study,son,65,,7,100% HF lists
0,hf,context1,17500,study,taking,65,,8,100% HF lists
1,hf,context1,50000,test,beat,65,free_recall,9,100% HF lists
7,hf,context1,52500,test,lady,65,free_recall,10,100% HF lists
6,hf,context1,55000,test,looking,65,free_recall,11,100% HF lists
4,hf,context1,57500,test,days,65,free_recall,12,100% HF lists
3,hf,context1,60000,test,taken,65,free_recall,13,100% HF lists
5,hf,context1,62500,test,help,65,free_recall,14,100% HF lists
2,hf,context1,65000,test,son,65,free_recall,15,100% HF lists
0,hf,context1,67500,test,taking,65,free_recall,16,100% HF lists
3,hf,context1,0,study,move,66,,1,75% HF lists
0,lf,context1,2500,study,braggy,66,,2,75% HF lists
5,hf,context1,5000,study,best,66,,3,75% HF lists
1,lf,context1,7500,study,toothless,66,,4,75% HF lists
1,hf,context1,10000,study,takes,66,,5,75% HF lists
0,hf,context1,12500,study,fact,66,,6,75% HF lists
2,hf,context1,15000,study,line,66,,7,75% HF lists
4,hf,context1,17500,study,blood,66,,8,75% HF lists
3,hf,context1,50000,test,move,66,free_recall,9,75% HF lists
0,lf,context1,52500,test,braggy,66,free_recall,10,75% HF lists
5,hf,context1,55000,test,best,66,free_recall,11,75% HF lists
1,lf,context1,57500,test,toothless,66,free_recall,12,75% HF lists
1,hf,context1,60000,test,takes,66,free_recall,13,75% HF lists
0,hf,context1,62500,test,fact,66,free_recall,14,75% HF lists
2,hf,context1,65000,test,line,66,free_recall,15,75% HF lists
4,hf,context1,67500,test,blood,66,free_recall,16,75% HF lists
5,lf,context1,0,study,labyrinth,67,,1,25% HF lists
0,lf,context1,2500,study,aforehand,67,,2,25% HF lists
1,lf,context1,5000,study,dictates,67,,3,25% HF lists
1,hf,context1,7500,study,big,67,,4,25% HF lists
0,hf,context1,10000,study,hell,67,,5,25% HF lists
2,lf,context1,12500,study,utterance,67,,6,25% HF lists
3,lf,context1,15000,study,koumiss,67,,7,25% HF lists
4,lf,context1,17500,study,annoyingly,67,,8,25% HF lists
5,lf,context1,50000,test,labyrinth,67,free_recall,9,25% HF lists
0,lf,context1,52500,test,aforehand,67,free_recall,10,25% HF lists
1,lf,context1,55000,test,dictates,67,free_recall,11,25% HF lists
1,hf,context1,57500,test,big,67,free_recall,12,25% HF lists
0,hf,context1,60000,test,hell,67,free_recall,13,25% HF lists
2,lf,context1,62500,test,utterance,67,free_recall,14,25% HF lists
3,lf,context1,65000,test,koumiss,67,free_recall,15,25% HF lists
4,lf,context1,67500,test,annoyingly,67,free_recall,16,25% HF lists
1,lf,context1,0,study,electrics,68,,1,0% HF lists
4,lf,context1,2500,study,linens,68,,2,0% HF lists
5,lf,context1,5000,study,shrieked,68,,3,0% HF lists
3,lf,context1,7500,study,zeroed,68,,4,0% HF lists
6,lf,context1,10000,study,reacquisition,68,,5,0% HF lists
7,lf,context1,12500,study,perv,68,,6,0% HF lists
2,lf,context1,15000,study,workable,68,,7,0% HF lists
0,lf,context1,17500,study,sleezy,68,,8,0% HF lists
1,lf,context1,50000,test,electrics,68,free_recall,9,0% HF lists
4,lf,context1,52500,test,linens,68,free_recall,10,0% HF lists
5,lf,context1,55000,test,shrieked,68,free_recall,11,0% HF lists
3,lf,context1,57500,test,zeroed,68,free_recall,12,0% HF lists
6,lf,context1,60000,test,reacquisition,68,free_recall,13,0% HF lists
7,lf,context1,62500,test,perv,68,free_recall,14,0% HF lists
2,lf,context1,65000,test,workable,68,free_recall,15,0% HF lists
0,lf,context1,67500,test,sleezy,68,free_recall,16,0% HF lists
3,hf,context1,0,study,young,69,,1,100% HF lists
7,hf,context1,2500,study,read,69,,2,100% HF lists
4,hf,context1,5000,study,seem,69,,3,100% HF lists
0,hf,context1,7500,study,news,69,,4,100% HF lists
6,hf,context1,10000,study,kidding,69,,5,100% HF lists
1,hf,context1,12500,study,check,69,,6,100% HF lists
2,hf,context1,15000,study,police,69,,7,100% HF lists
5,hf,context1,17500,study,future,69,,8,100% HF lists
3,hf,context1,50000,test,young,69,free_recall,9,100% HF lists
7,hf,context1,52500,test,read,69,free_recall,10,100% HF lists
4,hf,context1,55000,test,seem,69,free_recall,11,100% HF lists
0,hf,context1,57500,test,news,69,free_recall,12,100% HF lists
6,hf,context1,60000,test,kidding,69,free_recall,13,100% HF lists
1,hf,context1,62500,test,check,69,free_recall,14,100% HF lists
2,hf,context1,65000,test,police,69,free_recall,15,100% HF lists
5,hf,context1,67500,test,future,69,free_recall,16,100% HF lists
5,hf,context1,0,study,night,70,,1,75% HF lists
1,lf,context1,2500,study,purebred,70,,2,75% HF lists
0,hf,context1,5000,study,moment,70,,3,75% HF lists
1,hf,context1,7500,study,feeling,70,,4,75% HF lists
3,hf,context1,10000,study,girl,70,,5,75% HF lists
4,hf,context1,12500,study,wrong,70,,6,75% HF lists
0,lf,context1,15000,study,riddles,70,,7,75% HF lists
2,hf,context1,17500,study,sir,70,,8,75% HF lists
5,hf,context1,50000,test,night,70,free_recall,9,75% HF lists
1,lf,context1,52500,test,purebred,70,free_recall,10,75% HF lists
0,hf,context1,55000,test,moment,70,free_recall,11,75% HF lists
1,hf,context1,57500,test,feeling,70,free_recall,12,75% HF lists
3,hf,context1,60000,test,girl,70,free_recall,13,75% HF lists
4,hf,context1,62500,test,wrong,70,free_recall,14,75% HF lists
0,lf,context1,65000,test,riddles,70,free_recall,15,75% HF lists
2,hf,context1,67500,test,sir,70,free_recall,16,75% HF lists
1,lf,context1,0,study,turbojet,71,,1,25% HF lists
0,lf,context1,2500,study,truer,71,,2,25% HF lists
3,lf,context1,5000,study,californicus,71,,3,25% HF lists
4,lf,context1,7500,study,frequents,71,,4,25% HF lists
0,hf,context1,10000,study,movie,71,,5,25% HF lists
2,lf,context1,12500,study,debone,71,,6,25% HF lists
5,lf,context1,15000,study,nanas,71,,7,25% HF lists
1,hf,context1,17500,study,order,71,,8,25% HF lists
1,lf,context1,50000,test,turbojet,71,free_recall,9,25% HF lists
0,lf,context1,52500,test,truer,71,free_recall,10,25% HF lists
3,lf,context1,55000,test,californicus,71,free_recall,11,25% HF lists
4,lf,context1,57500,test,frequents,71,free_recall,12,25% HF lists
0,hf,context1,60000,test,movie,71,free_recall,13,25% HF lists
2,lf,context1,62500,test,debone,71,free_recall,14,25% HF lists
5,lf,context1,65000,test,nanas,71,free_recall,15,25% HF lists
1,hf,context1,67500,test,order,71,free_recall,16,25% HF lists
7,lf,context1,0,study,snippy,72,,1,0% HF lists
2,lf,context1,2500,study,bandies,72,,2,0% HF lists
4,lf,context1,5000,study,dimes,72,,3,0% HF lists
6,lf,context1,7500,study,fisty,72,,4,0% HF lists
1,lf,context1,10000,study,palliative,72,,5,0% HF lists
0,lf,context1,12500,study,undone,72,,6,0% HF lists
3,lf,context1,15000,study,coincidently,72,,7,0% HF lists
5,lf,context1,17500,study,relight,72,,8,0% HF lists
7,lf,context1,50000,test,snippy,72,free_recall,9,0% HF lists
2,lf,context1,52500,test,bandies,72,free_recall,10,0% HF lists
4,lf,context1,55000,test,dimes,72,free_recall,11,0% HF lists
6,lf,context1,57500,test,fisty,72,free_recall,12,0% HF lists
1,lf,context1,60000,test,palliative,72,free_recall,13,0% HF lists
0,lf,context1,62500,test,undone,72,free_recall,14,0% HF lists
3,lf,context1,65000,test,coincidently,72,free_recall,15,0% HF lists
5,lf,context1,67500,test,relight,72,free_recall,16,0% HF lists
4,hf,context1,0,study,catch,73,,1,100% HF lists
3,hf,context1,2500,study,years,73,,2,100% HF lists
6,hf,context1,5000,study,mother,73,,3,100% HF lists
1,hf,context1,7500,study,anymore,73,,4,100% HF lists
7,hf,context1,10000,study,ready,73,,5,100% HF lists
5,hf,context1,12500,study,kiss,73,,6,100% HF lists
0,hf,context1,15000,study,wait,73,,7,100% HF lists
2,hf,context1,17500,study,left,73,,8,100% HF lists
4,hf,context1,50000,test,catch,73,free_recall,9,100% HF lists
3,hf,context1,52500,test,years,73,free_recall,10,100% HF lists
6,hf,context1,55000,test,mother,73,free_recall,11,100% HF lists
1,hf,context1,57500,test,anymore,73,free_recall,12,100% HF lists
7,hf,context1,60000,test,ready,73,free_recall,13,100% HF lists
5,hf,context1,62500,test,kiss,73,free_recall,14,100% HF lists
0,hf,context1,65000,test,wait,73,free_recall,15,100% HF lists
2,hf,context1,67500,test,left,73,free_recall,16,100% HF lists
0,lf,context1,0,study,behead,74,,1,75% HF lists
1,lf,context1,2500,study,petal,74,,2,75% HF lists
2,hf,context1,5000,study,four,74,,3,75% HF lists
0,hf,context1,7500,study,worked,74,,4,75% HF lists
3,hf,context1,10000,study,bed,74,,5,75% HF lists
4,hf,context1,12500,study,hang,74,,6,75% HF lists
5,hf,context1,15000,study,took,74,,7,75% HF lists
1,hf,context1,17500,study,front,74,,8,75% HF lists
0,lf,context1,50000,test,behead,74,free_recall,9,75% HF lists
1,lf,context1,52500,test,petal,74,free_recall,10,75% HF lists
2,hf,context1,55000,test,four,74,free_recall,11,75% HF lists
0,hf,context1,57500,test,worked,74,free_recall,12,75% HF lists
3,hf,context1,60000,test,bed,74,free_recall,13,75% HF lists
4,hf,context1,62500,test,hang,74,free_recall,14,75% HF lists
5,hf,context1,65000,test,took,74,free_recall,15,75% HF lists
1,hf,context1,67500,test,front,74,free_recall,16,75% HF lists
1,lf,context1,0,study,unbidden,75,,1,25% HF lists
2,lf,context1,2500,study,optic,75,,2,25% HF lists
3,lf,context1,5000,study,overabundance,75,,3,25% HF lists
4,lf,context1,7500,study,artifact,75,,4,25% HF lists
0,hf,context1,10000,study,alive,75,,5,25% HF lists
0,lf,context1,12500,study,nausea,75,,6,25% HF lists
1,hf,context1,15000,study,after,75,,7,25% HF lists
5,lf,context1,17500,study,corpuses,75,,8,25% HF lists
1,lf,context1,50000,test,unbidden,75,free_recall,9,25% HF lists
2,lf,context1,52500,test,optic,75,free_recall,10,25% HF lists
3,lf,context1,55000,test,overabundance,75,free_recall,11,25% HF lists
4,lf,context1,57500,test,artifact,75,free_recall,12,25% HF lists
0,hf,context1,60000,test,alive,75,free_recall,13,25% HF lists
0,lf,context1,62500,test,nausea,75,free_recall,14,25% HF lists
1,hf,context1,65000,test,after,75,free_recall,15,25% HF lists
5,lf,context1,67500,test,corpuses,75,free_recall,16,25% HF lists
0,lf,context1,0,study,waived,76,,1,0% HF lists
3,lf,context1,2500,study,bombshell,76,,2,0% HF lists
5,lf,context1,5000,study,hoist,76,,3,0% HF lists
7,lf,context1,7500,study,retool,76,,4,0% HF lists
4,lf,context1,10000,study,effigy,76,,5,0% HF lists
2,lf,context1,12500,study,swelled,76,,6,0% HF lists
1,lf,context1,15000,study,competences,76,,7,0% HF lists
6,lf,context1,17500,study,moviegoers,76,,8,0% HF lists
0,lf,context1,50000,test,waived,76,free_recall,9,0% HF lists
3,lf,context1,52500,test,bombshell,76,free_recall,10,0% HF lists
5,lf,context1,55000,test,hoist,76,free_recall,11,0% HF lists
7,lf,context1,57500,test,retool,76,free_recall,12,0% HF lists
4,lf,context1,60000,test,effigy,76,free_recall,13,0% HF lists
2,lf,context1,62500,test,swelled,76,free_recall,14,0% HF lists
1,lf,context1,65000,test,competences,76,free_recall,15,0% HF lists
6,lf,context1,67500,test,moviegoers,76,free_recall,16,0% HF lists
4,hf,context1,0,study,done,77,,1,100% HF lists
2,hf,context1,2500,study,after,77,,2,100% HF lists
0,hf,context1,5000,study,straight,77,,3,100% HF lists
6,hf,context1,7500,study,anybody,77,,4,100% HF lists
1,hf,context1,10000,study,wedding,77,,5,100% HF lists
7,hf,context1,12500,study,gotta,77,,6,100% HF lists
5,hf,context1,15000,study,changed,77,,7,100% HF lists
3,hf,context1,17500,study,pick,77,,8,100% HF lists
4,hf,context1,50000,test,done,77,free_recall,9,100% HF lists
2,hf,context1,52500,test,after,77,free_recall,10,100% HF lists
0,hf,context1,55000,test,straight,77,free_recall,11,100% HF lists
6,hf,context1,57500,test,anybody,77,free_recall,12,100% HF lists
1,hf,context1,60000,test,wedding,77,free_recall,13,100% HF lists
7,hf,context1,62500,test,gotta,77,free_recall,14,100% HF lists
5,hf,context1,65000,test,changed,77,free_recall,15,100% HF lists
3,hf,context1,67500,test,pick,77,free_recall,16,100% HF lists
2,hf,context1,0,study,blood,78,,1,75% HF lists
4,hf,context1,2500,study,went,78,,2,75% HF lists
5,hf,context1,5000,study,tonight,78,,3,75% HF lists
1,lf,context1,7500,study,cinched,78,,4,75% HF lists
0,hf,context1,10000,study,war,78,,5,75% HF lists
3,hf,context1,12500,study,either,78,,6,75% HF lists
1,hf,context1,15000,study,wear,78,,7,75% HF lists
0,lf,context1,17500,study,hogged,78,,8,75% HF lists
2,hf,context1,50000,test,blood,78,free_recall,9,75% HF lists
4,hf,context1,52500,test,went,78,free_recall,10,75% HF lists
5,hf,context1,55000,test,tonight,78,free_recall,11,75% HF lists
1,lf,context1,57500,test,cinched,78,free_recall,12,75% HF lists
0,hf,context1,60000,test,war,78,free_recall,13,75% HF lists
3,hf,context1,62500,test,either,78,free_recall,14,75% HF lists
1,hf,context1,65000,test,wear,78,free_recall,15,75% HF lists
0,lf,context1,67500,test,hogged,78,free_recall,16,75% HF lists
0,lf,context1,0,study,warranted,79,,1,25% HF lists
0,hf,context1,2500,study,once,79,,2,25% HF lists
4,lf,context1,5000,study,transparent,79,,3,25% HF lists
5,lf,context1,7500,study,buggy,79,,4,25% HF lists
3,lf,context1,10000,study,stagnated,79,,5,25% HF lists
2,lf,context1,12500,study,zealous,79,,6,25% HF lists
1,lf,context1,15000,study,unlawfully,79,,7,25% HF lists
1,hf,context1,17500,study,check,79,,8,25% HF lists
0,lf,context1,50000,test,warranted,79,free_recall,9,25% HF lists
0,hf,context1,52500,test,once,79,free_recall,10,25% HF lists
4,lf,context1,55000,test,transparent,79,free_recall,11,25% HF lists
5,lf,context1,57500,test,buggy,79,free_recall,12,25% HF lists
3,lf,context1,60000,test,stagnated,79,free_recall,13,25% HF lists
2,lf,context1,62500,test,zealous,79,free_recall,14,25% HF lists
1,lf,context1,65000,test,unlawfully,79,free_recall,15,25% HF lists
1,hf,context1,67500,test,check,79,free_recall,16,25% HF lists
0,lf,context1,0,study,measurer,80,,1,0% HF lists
6,lf,context1,2500,study,particles,80,,2,0% HF lists
3,lf,context1,5000,study,imaginations,80,,3,0% HF lists
7,lf,context1,7500,study,termed,80,,4,0% HF lists
5,lf,context1,10000,study,promotable,80,,5,0% HF lists
1,lf,context1,12500,study,pealing,80,,6,0% HF lists
2,lf,context1,15000,study,almightiness,80,,7,0% HF lists
4,lf,context1,17500,study,dyeing,80,,8,0% HF lists
0,lf,context1,50000,test,measurer,80,free_recall,9,0% HF lists
6,lf,context1,52500,test,particles,80,free_recall,10,0% HF lists
3,lf,context1,55000,test,imaginations,80,free_recall,11,0% HF lists
7,lf,context1,57500,test,termed,80,free_recall,12,0% HF lists
5,lf,context1,60000,test,promotable,80,free_recall,13,0% HF lists
1,lf,context1,62500,test,pealing,80,free_recall,14,0% HF lists
2,lf,context1,65000,test,almightiness,80,free_recall,15,0% HF lists
4,lf,context1,67500,test,dyeing,80,free_recall,16,0% HF lists
5,hf,context1,0,study,does,81,,1,100% HF lists
6,hf,context1,2500,study,before,81,,2,100% HF lists
4,hf,context1,5000,study,died,81,,3,100% HF lists
0,hf,context1,7500,study,free,81,,4,100% HF lists
7,hf,context1,10000,study,still,81,,5,100% HF lists
3,hf,context1,12500,study,pull,81,,6,100% HF lists
1,hf,context1,15000,study,ball,81,,7,100% HF lists
2,hf,context1,17500,study,thought,81,,8,100% HF lists
5,hf,context1,50000,test,does,81,free_recall,9,100% HF lists
6,hf,context1,52500,test,before,81,free_recall,10,100% HF lists
4,hf,context1,55000,test,died,81,free_recall,11,100% HF lists
0,hf,context1,57500,test,free,81,free_recall,12,100% HF lists
7,hf,context1,60000,test,still,81,free_recall,13,100% HF lists
3,hf,context1,62500,test,pull,81,free_recall,14,100% HF lists
1,hf,context1,65000,test,ball,81,free_recall,15,100% HF lists
2,hf,context1,67500,test,thought,81,free_recall,16,100% HF lists
3,hf,context1,0,study,table,82,,1,75% HF lists
0,hf,context1,2500,study,drop,82,,2,75% HF lists
5,hf,context1,5000,study,ball,82,,3,75% HF lists
1,lf,context1,7500,study,misspells,82,,4,75% HF lists
2,hf,context1,10000,study,hold,82,,5,75% HF lists
0,lf,context1,12500,study,articular,82,,6,75% HF lists
1,hf,context1,15000,study,mind,82,,7,75% HF lists
4,hf,context1,17500,study,half,82,,8,75% HF lists
3,hf,context1,50000,test,table,82,free_recall,9,75% HF lists
0,hf,context1,52500,test,drop,82,free_recall,10,75% HF lists
5,hf,context1,55000,test,ball,82,free_recall,11,75% HF lists
1,lf,context1,57500,test,misspells,82,free_recall,12,75% HF lists
2,hf,context1,60000,test,hold,82,free_recall,13,75% HF lists
0,lf,context1,62500,test,articular,82,free_recall,14,75% HF lists
1,hf,context1,65000,test,mind,82,free_recall,15,75% HF lists
4,hf,context1,67500,test,half,82,free_recall,16,75% HF lists
4,lf,context1,0,study,spina,83,,1,25% HF lists
1,hf,context1,2500,study,glad,83,,2,25% HF lists
0,hf,context1,5000,study,become,83,,3,25% HF lists
2,lf,context1,7500,study,frayed,83,,4,25% HF lists
1,lf,context1,10000,study,recognised,83,,5,25% HF lists
3,lf,context1,12500,study,lames,83,,6,25% HF lists
5,lf,context1,15000,study,gunshots,83,,7,25% HF lists
0,lf,context1,17500,study,cabstand,83,,8,25% HF lists
4,lf,context1,50000,test,spina,83,free_recall,9,25% HF lists
1,hf,context1,52500,test,glad,83,free_recall,10,25% HF lists
0,hf,context1,55000,test,become,83,free_recall,11,25% HF lists
2,lf,context1,57500,test,frayed,83,free_recall,12,25% HF lists
1,lf,context1,60000,test,recognised,83,free_recall,13,25% HF lists
3,lf,context1,62500,test,lames,83,free_recall,14,25% HF lists
5,lf,context1,65000,test,gunshots,83,free_recall,15,25% HF lists
0,lf,context1,67500,test,cabstand,83,free_recall,16,25% HF lists
5,lf,context1,0,study,tactile,84,,1,0% HF lists
4,lf,context1,2500,study,kilted,84,,2,0% HF lists
1,lf,context1,5000,study,petulance,84,,3,0% HF lists
6,lf,context1,7500,study,persuasions,84,,4,0% HF lists
0,lf,context1,10000,study,fortnight,84,,5,0% HF lists
3,lf,context1,12500,study,receptive,84,,6,0% HF lists
7,lf,context1,15000,study,participants,84,,7,0% HF lists
2,lf,context1,17500,study,payout,84,,8,0% HF lists
5,lf,context1,50000,test,tactile,84,free_recall,9,0% HF lists
4,lf,context1,52500,test,kilted,84,free_recall,10,0% HF lists
1,lf,context1,55000,test,petulance,84,free_recall,11,0% HF lists
6,lf,context1,57500,test,persuasions,84,free_recall,12,0% HF lists
0,lf,context1,60000,test,fortnight,84,free_recall,13,0% HF lists
3,lf,context1,62500,test,receptive,84,free_recall,14,0% HF lists
7,lf,context1,65000,test,participants,84,free_recall,15,0% HF lists
2,lf,context1,67500,test,payout,84,free_recall,16,0% HF lists
7,hf,context1,0,study,turn,85,,1,100% HF lists
1,hf,context1,2500,study,high,85,,2,100% HF lists
4,hf,context1,5000,study,sign,85,,3,100% HF lists
6,hf,context1,7500,study,door,85,,4,100% HF lists
2,hf,context1,10000,study,question,85,,5,100% HF lists
0,hf,context1,12500,study,things,85,,6,100% HF lists
3,hf,context1,15000,study,together,85,,7,100% HF lists
5,hf,context1,17500,study,everything,85,,8,100% HF lists
7,hf,context1,50000,test,turn,85,free_recall,9,100% HF lists
1,hf,context1,52500,test,high,85,free_recall,10,100% HF lists
4,hf,context1,55000,test,sign,85,free_recall,11,100% HF lists
6,hf,context1,57500,test,door,85,free_recall,12,100% HF lists
2,hf,context1,60000,test,question,85,free_recall,13,100% HF lists
0,hf,context1,62500,test,things,85,free_recall,14,100% HF lists
3,hf,context1,65000,test,together,85,free_recall,15,100% HF lists
5,hf,context1,67500,test,everything,85,free_recall,16,100% HF lists
2,hf,context1,0,study,weren,86,,1,75% HF lists
0,hf,context1,2500,study,company,86,,2,75% HF lists
1,lf,context1,5000,study,microeconomic,86,,3,75% HF lists
1,hf,context1,7500,study,fucking,86,,4,75% HF lists
5,hf,context1,10000,study,picture,86,,5,75% HF lists
0,lf,context1,12500,study,anaesthetist,86,,6,75% HF lists
4,hf,context1,15000,study,black,86,,7,75% HF lists
3,hf,context1,17500,study,safe,86,,8,75% HF lists
2,hf,context1,50000,test,weren,86,free_recall,9,75% HF lists
0,hf,context1,52500,test,company,86,free_recall,10,75% HF lists
1,lf,context1,55000,test,microeconomic,86,free_recall,11,75% HF lists
1,hf,context1,57500,test,fucking,86,free_recall,12,75% HF lists
5,hf,context1,60000,test,picture,86,free_recall,13,75% HF lists
0,lf,context1,62500,test,anaesthetist,86,free_recall,14,75% HF lists
4,hf,context1,65000,test,black,86,free_recall,15,75% HF lists
3,hf,context1,67500,test,safe,86,free_recall,16,75% HF lists
0,hf,context1,0,study,set,87,,1,25% HF lists
1,lf,context1,2500,study,outmoded,87,,2,25% HF lists
1,hf,context1,5000,study,saying,87,,3,25% HF lists
3,lf,context1,7500,study,fol,87,,4,25% HF lists
0,lf,context1,10000,study,busman,87,,5,25% HF lists
4,lf,context1,12500,study,prompt,87,,6,25% HF lists
5,lf,context1,15000,study,labored,87,,7,25% HF lists
2,lf,context1,17500,study,unmatching,87,,8,25% HF lists
0,hf,context1,50000,test,set,87,free_recall,9,25% HF lists
1,lf,context1,52500,test,outmoded,87,free_recall,10,25% HF lists
1,hf,context1,55000,test,saying,87,free_recall,11,25% HF lists
3,lf,context1,57500,test,fol,87,free_recall,12,25% HF lists
0,lf,context1,60000,test,busman,87,free_recall,13,25% HF lists
4,lf,context1,62500,test,prompt,87,free_recall,14,25% HF lists
5,lf,context1,65000,test,labored,87,free_recall,15,25% HF lists
2,lf,context1,67500,test,unmatching,87,free_recall,16,25% HF lists
1,lf,context1,0,study,mathematicians,88,,1,0% HF lists
2,lf,context1,2500,study,cramped,88,,2,0% HF lists
3,lf,context1,5000,study,subjugated,88,,3,0% HF lists
5,lf,context1,7500,study,transfuser,88,,4,0% HF lists
4,lf,context1,10000,study,retrogressive,88,,5,0% HF lists
0,lf,context1,12500,study,browbeating,88,,6,0% HF lists
6,lf,context1,15000,study,busyness,88,,7,0% HF lists
7,lf,context1,17500,study,memorializing,88,,8,0% HF lists
1,lf,context1,50000,test,mathematicians,88,free_recall,9,0% HF lists
2,lf,context1,52500,test,cramped,88,free_recall,10,0% HF lists
3,lf,context1,55000,test,subjugated,88,free_recall,11,0% HF lists
5,lf,context1,57500,test,transfuser,88,free_recall,12,0% HF lists
4,lf,context1,60000,test,retrogressive,88,free_recall,13,0% HF lists
0,lf,context1,62500,test,browbeating,88,free_recall,14,0% HF lists
6,lf,context1,65000,test,busyness,88,free_recall,15,0% HF lists
7,lf,context1,67500,test,memorializing,88,free_recall,16,0% HF lists
4,hf,context1,0,study,also,89,,1,100% HF lists
0,hf,context1,2500,study,playing,89,,2,100% HF lists
1,hf,context1,5000,study,clean,89,,3,100% HF lists
5,hf,context1,7500,study,best,89,,4,100% HF lists
6,hf,context1,10000,study,understand,89,,5,100% HF lists
3,hf,context1,12500,study,gotta,89,,6,100% HF lists
7,hf,context1,15000,study,uh,89,,7,100% HF lists
2,hf,context1,17500,study,king,89,,8,100% HF lists
4,hf,context1,50000,test,also,89,free_recall,9,100% HF lists
0,hf,context1,52500,test,playing,89,free_recall,10,100% HF lists
1,hf,context1,55000,test,clean,89,free_recall,11,100% HF lists
5,hf,context1,57500,test,best,89,free_recall,12,100% HF lists
6,hf,context1,60000,test,understand,89,free_recall,13,100% HF lists
3,hf,context1,62500,test,gotta,89,free_recall,14,100% HF lists
7,hf,context1,65000,test,uh,89,free_recall,15,100% HF lists
2,hf,context1,67500,test,king,89,free_recall,16,100% HF lists
5,hf,context1,0,study,fuck,90,,1,75% HF lists
0,hf,context1,2500,study,end,90,,2,75% HF lists
4,hf,context1,5000,study,hell,90,,3,75% HF lists
1,lf,context1,7500,study,monounsaturated,90,,4,75% HF lists
2,hf,context1,10000,study,boss,90,,5,75% HF lists
1,hf,context1,12500,study,thinks,90,,6,75% HF lists
3,hf,context1,15000,study,seem,90,,7,75% HF lists
0,lf,context1,17500,study,hellish,90,,8,75% HF lists
5,hf,context1,50000,test,fuck,90,free_recall,9,75% HF lists
0,hf,context1,52500,test,end,90,free_recall,10,75% HF lists
4,hf,context1,55000,test,hell,90,free_recall,11,75% HF lists
1,lf,context1,57500,test,monounsaturated,90,free_recall,12,75% HF lists
2,hf,context1,60000,test,boss,90,free_recall,13,75% HF lists
1,hf,context1,62500,test,thinks,90,free_recall,14,75% HF lists
3,hf,context1,65000,test,seem,90,free_recall,15,75% HF lists
0,lf,context1,67500,test,hellish,90,free_recall,16,75% HF lists
5,lf,context1,0,study,mendelevium,91,,1,25% HF lists
1,hf,context1,2500,study,eye,91,,2,25% HF lists
0,lf,context1,5000,study,swirled,91,,3,25% HF lists
2,lf,context1,7500,study,wildly,91,,4,25% HF lists
4,lf,context1,10000,study,pistonhead,91,,5,25% HF lists
3,lf,context1,12500,study,stresses,91,,6,25% HF lists
1,lf,context1,15000,study,classicists,91,,7,25% HF lists
0,hf,context1,17500,study,guy,91,,8,25% HF lists
5,lf,context1,50000,test,mendelevium,91,free_recall,9,25% HF lists
1,hf,context1,52500,test,eye,91,free_recall,10,25% HF lists
0,lf,context1,55000,test,swirled,91,free_recall,11,25% HF lists
2,lf,context1,57500,test,wildly,91,free_recall,12,25% HF lists
4,lf,context1,60000,test,pistonhead,91,free_recall,13,25% HF lists
3,lf,context1,62500,test,stresses,91,free_recall,14,25% HF lists
1,lf,context1,65000,test,classicists,91,free_recall,15,25% HF lists
0,hf,context1,67500,test,guy,91,free_recall,16,25% HF lists
1,lf,context1,0,study,disposer,92,,1,0% HF lists
3,lf,context1,2500,study,limbo,92,,2,0% HF lists
5,lf,context1,5000,study,compartment,92,,3,0% HF lists
2,lf,context1,7500,study,encases,92,,4,0% HF lists
6,lf,context1,10000,study,dehorned,92,,5,0% HF lists
0,lf,context1,12500,study,musculature,92,,6,0% HF lists
4,lf,context1,15000,study,sincerest,92,,7,0% HF lists
7,lf,context1,17500,study,tipped,92,,8,0% HF lists
1,lf,context1,50000,test,disposer,92,free_recall,9,0% HF lists
3,lf,context1,52500,test,limbo,92,free_recall,10,0% HF lists
5,lf,context1,55000,test,compartment,92,free_recall,11,0% HF lists
2,lf,context1,57500,test,encases,92,free_recall,12,0% HF lists
6,lf,context1,60000,test,dehorned,92,free_recall,13,0% HF lists
0,lf,context1,62500,test,musculature,92,free_recall,14,0% HF lists
4,lf,context1,65000,test,sincerest,92,free_recall,15,0% HF lists
7,lf,context1,67500,test,tipped,92,free_recall,16,0% HF lists
1,hf,context1,0,study,anybody,93,,1,100% HF lists
4,hf,context1,2500,study,also,93,,2,100% HF lists
6,hf,context1,5000,study,comes,93,,3,100% HF lists
7,hf,context1,7500,study,shall,93,,4,100% HF lists
0,hf,context1,10000,study,believe,93,,5,100% HF lists
2,hf,context1,12500,study,darling,93,,6,100% HF lists
3,hf,context1,15000,study,taking,93,,7,100% HF lists
5,hf,context1,17500,study,till,93,,8,100% HF lists
1,hf,context1,50000,test,anybody,93,free_recall,9,100% HF lists
4,hf,context1,52500,test,also,93,free_recall,10,100% HF lists
6,hf,context1,55000,test,comes,93,free_recall,11,100% HF lists
7,hf,context1,57500,test,shall,93,free_recall,12,100% HF lists
0,hf,context1,60000,test,believe,93,free_recall,13,100% HF lists
2,hf,context1,62500,test,darling,93,free_recall,14,100% HF lists
3,hf,context1,65000,test,taking,93,free_recall,15,100% HF lists
5,hf,context1,67500,test,till,93,free_recall,16,100% HF lists
0,lf,context1,0,study,manubrium,94,,1,75% HF lists
3,hf,context1,2500,study,everybody,94,,2,75% HF lists
4,hf,context1,5000,study,none,94,,3,75% HF lists
1,hf,context1,7500,study,big,94,,4,75% HF lists
2,hf,context1,10000,study,left,94,,5,75% HF lists
1,lf,context1,12500,study,knapsack,94,,6,75% HF lists
0,hf,context1,15000,study,stay,94,,7,75% HF lists
5,hf,context1,17500,study,met,94,,8,75% HF lists
0,lf,context1,50000,test,manubrium,94,free_recall,9,75% HF lists
3,hf,context1,52500,test,everybody,94,free_recall,10,75% HF lists
4,hf,context1,55000,test,none,94,free_recall,11,75% HF lists
1,hf,context1,57500,test,big,94,free_recall,12,75% HF lists
2,hf,context1,60000,test,left,94,free_recall,13,75% HF lists
1,lf,context1,62500,test,knapsack,94,free_recall,14,75% HF lists
0,hf,context1,65000,test,stay,94,free_recall,15,75% HF lists
5,hf,context1,67500,test,met,94,free_recall,16,75% HF lists
1,hf,context1,0,study,its,95,,1,25% HF lists
4,lf,context1,2500,study,extinguishes,95,,2,25% HF lists
0,hf,context1,5000,study,put,95,,3,25% HF lists
1,lf,context1,7500,study,propagation,95,,4,25% HF lists
5,lf,context1,10000,study,tendonitis,95,,5,25% HF lists
2,lf,context1,12500,study,hyping,95,,6,25% HF lists
3,lf,context1,15000,study,whizzes,95,,7,25% HF lists
0,lf,context1,17500,study,effusion,95,,8,25% HF lists
1,hf,context1,50000,test,its,95,free_recall,9,25% HF lists
4,lf,context1,52500,test,extinguishes,95,free_recall,10,25% HF lists
0,hf,context1,55000,test,put,95,free_recall,11,25% HF lists
1,lf,context1,57500,test,propagation,95,free_recall,12,25% HF lists
5,lf,context1,60000,test,tendonitis,95,free_recall,13,25% HF lists
2,lf,context1,62500,test,hyping,95,free_recall,14,25% HF lists
3,lf,context1,65000,test,whizzes,95,free_recall,15,25% HF lists
0,lf,context1,67500,test,effusion,95,free_recall,16,25% HF lists
1,lf,context1,0,study,tollbooths,96,,1,0% HF lists
6,lf,context1,2500,study,ransoming,96,,2,0% HF lists
7,lf,context1,5000,study,lemonade,96,,3,0% HF lists
2,lf,context1,7500,study,validate,96,,4,0% HF lists
3,lf,context1,10000,study,spur,96,,5,0% HF lists
0,lf,context1,12500,study,wedgy,96,,6,0% HF lists
4,lf,context1,15000,study,tweezers,96,,7,0% HF lists
5,lf,context1,17500,study,husbandry,96,,8,0% HF lists
1,lf,context1,50000,test,tollbooths,96,free_recall,9,0% HF lists
6,lf,context1,52500,test,ransoming,96,free_recall,10,0% HF lists
7,lf,context1,55000,test,lemonade,96,free_recall,11,0% HF lists
2,lf,context1,57500,test,validate,96,free_recall,12,0% HF lists
3,lf,context1,60000,test,spur,96,free_recall,13,0% HF lists
0,lf,context1,62500,test,wedgy,96,free_recall,14,0% HF lists
4,lf,context1,65000,test,tweezers,96,free_recall,15,0% HF lists
5,lf,context1,67500,test,husbandry,96,free_recall,16,0% HF lists
1,hf,context1,0,study,nice,97,,1,100% HF lists
0,hf,context1,2500,study,beautiful,97,,2,100% HF lists
6,hf,context1,5000,study,week,97,,3,100% HF lists
4,hf,context1,7500,study,gave,97,,4,100% HF lists
3,hf,context1,10000,study,outside,97,,5,100% HF lists
7,hf,context1,12500,study,works,97,,6,100% HF lists
2,hf,context1,15000,study,rest,97,,7,100% HF lists
5,hf,context1,17500,study,everyone,97,,8,100% HF lists
1,hf,context1,50000,test,nice,97,free_recall,9,100% HF lists
0,hf,context1,52500,test,beautiful,97,free_recall,10,100% HF lists
6,hf,context1,55000,test,week,97,free_recall,11,100% HF lists
4,hf,context1,57500,test,gave,97,free_recall,12,100% HF lists
3,hf,context1,60000,test,outside,97,free_recall,13,100% HF lists
7,hf,context1,62500,test,works,97,free_recall,14,100% HF lists
2,hf,context1,65000,test,rest,97,free_recall,15,100% HF lists
5,hf,context1,67500,test,everyone,97,free_recall,16,100% HF lists
4,hf,context1,0,study,weeks,98,,1,75% HF lists
5,hf,context1,2500,study,guess,98,,2,75% HF lists
3,hf,context1,5000,study,hang,98,,3,75% HF lists
1,lf,context1,7500,study,boudoirs,98,,4,75% HF lists
2,hf,context1,10000,study,welcome,98,,5,75% HF lists
0,lf,context1,12500,study,harpooned,98,,6,75% HF lists
1,hf,context1,15000,study,story,98,,7,75% HF lists
0,hf,context1,17500,study,kind,98,,8,75% HF lists
4,hf,context1,50000,test,weeks,98,free_recall,9,75% HF lists
5,hf,context1,52500,test,guess,98,free_recall,10,75% HF lists
3,hf,context1,55000,test,hang,98,free_recall,11,75% HF lists
1,lf,context1,57500,test,boudoirs,98,free_recall,12,75% HF lists
2,hf,context1,60000,test,welcome,98,free_recall,13,75% HF lists
0,lf,context1,62500,test,harpooned,98,free_recall,14,75% HF lists
1,hf,context1,65000,test,story,98,free_recall,15,75% HF lists
0,hf,context1,67500,test,kind,98,free_recall,16,75% HF lists
5,lf,context1,0,study,fearsome,99,,1,25% HF lists
1,lf,context1,2500,study,stripers,99,,2,25% HF lists
3,lf,context1,5000,study,meaninglessness,99,,3,25% HF lists
2,lf,context1,7500,study,hundredfold,99,,4,25% HF lists
1,hf,context1,10000,study,since,99,,5,25% HF lists
4,lf,context1,12500,study,underfunded,99,,6,25% HF lists
0,lf,context1,15000,study,outlined,99,,7,25% HF lists
0,hf,context1,17500,study,bring,99,,8,25% HF lists
5,lf,context1,50000,test,fearsome,99,free_recall,9,25% HF lists
1,lf,context1,52500,test,stripers,99,free_recall,10,25% HF lists
3,lf,context1,55000,test,meaninglessness,99,free_recall,11,25% HF lists
2,lf,context1,57500,test,hundredfold,99,free_recall,12,25% HF lists
1,hf,context1,60000,test,since,99,free_recall,13,25% HF lists
4,lf,context1,62500,test,underfunded,99,free_recall,14,25% HF lists
0,lf,context1,65000,test,outlined,99,free_recall,15,25% HF lists
0,hf,context1,67500,test,bring,99,free_recall,16,25% HF lists
0,lf,context1,0,study,jumpsuit,100,,1,0% HF lists
1,lf,context1,2500,study,socket,100,,2,0% HF lists
2,lf,context1,5000,study,servile,100,,3,0% HF lists
3,lf,context1,7500,study,troupers,100,,4,0% HF lists
6,lf,context1,10000,study,humanitarian,100,,5,0% HF lists
7,lf,context1,12500,study,hassock,100,,6,0% HF lists
4,lf,context1,15000,study,heartburn,100,,7,0% HF lists
5,lf,context1,17500,study,conqueror,100,,8,0% HF lists
0,lf,context1,50000,test,jumpsuit,100,free_recall,9,0% HF lists
1,lf,context1,52500,test,socket,100,free_recall,10,0% HF lists
2,lf,context1,55000,test,servile,100,free_recall,11,0% HF lists
3,lf,context1,57500,test,troupers,100,free_recall,12,0% HF lists
6,lf,context1,60000,test,humanitarian,100,free_recall,13,0% HF lists
7,lf,context1,62500,test,hassock,100,free_recall,14,0% HF lists
4,lf,context1,65000,test,heartburn,100,free_recall,15,0% HF lists
5,lf,context1,67500,test,conqueror,100,free_recall,16,0% HF lists
